INSERT INTO commodity(com_id, com_name) VALUES ('fpm', 'Flat');
INSERT INTO cfg(cfg_name, com_id) VALUES ('FP_P2217H_WOST_CFG', 'fpm');
INSERT INTO cfg(cfg_name, com_id) VALUES ('FP_P2417H_WOST_CFG', 'fpm');
INSERT INTO cfg(cfg_name, com_id) VALUES ('FP_P2217H_CFG', 'fpm');
INSERT INTO forecast(forecast_id, cfg_name, version_name, forecast_type) VALUES ('FP_P2217H_WOST_CFG_FY17Q3W5','FP_P2217H_WOST_CFG', 'FY17Q3W5', 'predicted');
INSERT INTO forecast(forecast_id, cfg_name, version_name, forecast_type) VALUES ('FP_P2217H_WOST_CFG_FY17Q4W1','FP_P2217H_WOST_CFG', 'FY17Q4W1', 'predicted');
INSERT INTO forecast(forecast_id, cfg_name, version_name, forecast_type) VALUES ('FP_P2217H_WOST_CFG_FY17Q4W2','FP_P2217H_WOST_CFG', 'FY17Q4W2', 'predicted');
INSERT INTO forecast(forecast_id, cfg_name, version_name, forecast_type) VALUES ('FP_P2217H_WOST_CFG_FY17Q4W3','FP_P2217H_WOST_CFG', 'FY17Q4W3', 'predicted');
INSERT INTO forecast(forecast_id, cfg_name, version_name, forecast_type) VALUES ('FP_P2217H_WOST_CFG_FY17Q4W4','FP_P2217H_WOST_CFG', 'FY17Q4W4', 'predicted');
INSERT INTO forecast(forecast_id, cfg_name, version_name, forecast_type) VALUES ('FP_P2217H_WOST_CFG_FY17Q4W5','FP_P2217H_WOST_CFG', 'FY17Q4W5', 'predicted');
INSERT INTO forecast(forecast_id, cfg_name, version_name, forecast_type) VALUES ('FP_P2217H_WOST_CFG_FY17Q4W6','FP_P2217H_WOST_CFG', 'FY17Q4W6', 'predicted');
INSERT INTO forecast(forecast_id, cfg_name, version_name, forecast_type) VALUES ('FP_P2217H_WOST_CFG_FY17Q4W7','FP_P2217H_WOST_CFG', 'FY17Q4W7', 'predicted');
INSERT INTO forecast(forecast_id, cfg_name, version_name, forecast_type) VALUES ('FP_P2217H_WOST_CFG_FY17Q4W8','FP_P2217H_WOST_CFG', 'FY17Q4W8', 'predicted');
INSERT INTO forecast(forecast_id, cfg_name, version_name, forecast_type) VALUES ('FP_P2217H_WOST_CFG_FY17Q4W9','FP_P2217H_WOST_CFG', 'FY17Q4W9', 'predicted');
INSERT INTO forecast(forecast_id, cfg_name, version_name, forecast_type) VALUES ('FP_P2217H_WOST_CFG_FY17Q4W10','FP_P2217H_WOST_CFG', 'FY17Q4W10', 'predicted');
INSERT INTO forecast(forecast_id, cfg_name, version_name, forecast_type) VALUES ('FP_P2217H_WOST_CFG_FY17Q4W11','FP_P2217H_WOST_CFG', 'FY17Q4W11', 'predicted');
INSERT INTO forecast(forecast_id, cfg_name, version_name, forecast_type) VALUES ('FP_P2217H_WOST_CFG_FY17Q4W12','FP_P2217H_WOST_CFG', 'FY17Q4W12', 'predicted');
INSERT INTO forecast(forecast_id, cfg_name, version_name, forecast_type) VALUES ('FP_P2217H_WOST_CFG_FY17Q4W13','FP_P2217H_WOST_CFG', 'FY17Q4W13', 'predicted');
INSERT INTO forecast(forecast_id, cfg_name, version_name, forecast_type) VALUES ('FP_P2217H_WOST_CFG_FY17Q4W14','FP_P2217H_WOST_CFG', 'FY17Q4W14', 'actual');
INSERT INTO forecast(forecast_id, cfg_name, version_name, forecast_type) VALUES ('FP_P2217H_CFG_FY17Q3W5','FP_P2217H_CFG', 'FY17Q3W5', 'predicted');
INSERT INTO forecast(forecast_id, cfg_name, version_name, forecast_type) VALUES ('FP_P2217H_CFG_FY17Q4W1','FP_P2217H_CFG', 'FY17Q4W1', 'predicted');
INSERT INTO forecast(forecast_id, cfg_name, version_name, forecast_type) VALUES ('FP_P2217H_CFG_FY17Q4W2','FP_P2217H_CFG', 'FY17Q4W2', 'predicted');
INSERT INTO forecast(forecast_id, cfg_name, version_name, forecast_type) VALUES ('FP_P2217H_CFG_FY17Q4W3','FP_P2217H_CFG', 'FY17Q4W3', 'predicted');
INSERT INTO forecast(forecast_id, cfg_name, version_name, forecast_type) VALUES ('FP_P2217H_CFG_FY17Q4W4','FP_P2217H_CFG', 'FY17Q4W4', 'predicted');
INSERT INTO forecast(forecast_id, cfg_name, version_name, forecast_type) VALUES ('FP_P2217H_CFG_FY17Q4W5','FP_P2217H_CFG', 'FY17Q4W5', 'predicted');
INSERT INTO forecast(forecast_id, cfg_name, version_name, forecast_type) VALUES ('FP_P2217H_CFG_FY17Q4W6','FP_P2217H_CFG', 'FY17Q4W6', 'predicted');
INSERT INTO forecast(forecast_id, cfg_name, version_name, forecast_type) VALUES ('FP_P2217H_CFG_FY17Q4W7','FP_P2217H_CFG', 'FY17Q4W7', 'predicted');
INSERT INTO forecast(forecast_id, cfg_name, version_name, forecast_type) VALUES ('FP_P2217H_CFG_FY17Q4W8','FP_P2217H_CFG', 'FY17Q4W8', 'predicted');
INSERT INTO forecast(forecast_id, cfg_name, version_name, forecast_type) VALUES ('FP_P2217H_CFG_FY17Q4W9','FP_P2217H_CFG', 'FY17Q4W9', 'predicted');
INSERT INTO forecast(forecast_id, cfg_name, version_name, forecast_type) VALUES ('FP_P2217H_CFG_FY17Q4W10','FP_P2217H_CFG', 'FY17Q4W10', 'predicted');
INSERT INTO forecast(forecast_id, cfg_name, version_name, forecast_type) VALUES ('FP_P2217H_CFG_FY17Q4W11','FP_P2217H_CFG', 'FY17Q4W11', 'predicted');
INSERT INTO forecast(forecast_id, cfg_name, version_name, forecast_type) VALUES ('FP_P2217H_CFG_FY17Q4W12','FP_P2217H_CFG', 'FY17Q4W12', 'predicted');
INSERT INTO forecast(forecast_id, cfg_name, version_name, forecast_type) VALUES ('FP_P2217H_CFG_FY17Q4W13','FP_P2217H_CFG', 'FY17Q4W13', 'predicted');
INSERT INTO forecast(forecast_id, cfg_name, version_name, forecast_type) VALUES ('FP_P2217H_CFG_FY17Q4W14','FP_P2217H_CFG', 'FY17Q4W14', 'actual');
INSERT INTO forecast(forecast_id, cfg_name, version_name, forecast_type) VALUES ('FP_P2417H_WOST_CFG_FY17Q3W5','FP_P2417H_WOST_CFG', 'FY17Q3W5', 'predicted');
INSERT INTO forecast(forecast_id, cfg_name, version_name, forecast_type) VALUES ('FP_P2417H_WOST_CFG_FY17Q4W1','FP_P2417H_WOST_CFG', 'FY17Q4W1', 'predicted');
INSERT INTO forecast(forecast_id, cfg_name, version_name, forecast_type) VALUES ('FP_P2417H_WOST_CFG_FY17Q4W2','FP_P2417H_WOST_CFG', 'FY17Q4W2', 'predicted');
INSERT INTO forecast(forecast_id, cfg_name, version_name, forecast_type) VALUES ('FP_P2417H_WOST_CFG_FY17Q4W3','FP_P2417H_WOST_CFG', 'FY17Q4W3', 'predicted');
INSERT INTO forecast(forecast_id, cfg_name, version_name, forecast_type) VALUES ('FP_P2417H_WOST_CFG_FY17Q4W4','FP_P2417H_WOST_CFG', 'FY17Q4W4', 'predicted');
INSERT INTO forecast(forecast_id, cfg_name, version_name, forecast_type) VALUES ('FP_P2417H_WOST_CFG_FY17Q4W5','FP_P2417H_WOST_CFG', 'FY17Q4W5', 'predicted');
INSERT INTO forecast(forecast_id, cfg_name, version_name, forecast_type) VALUES ('FP_P2417H_WOST_CFG_FY17Q4W6','FP_P2417H_WOST_CFG', 'FY17Q4W6', 'predicted');
INSERT INTO forecast(forecast_id, cfg_name, version_name, forecast_type) VALUES ('FP_P2417H_WOST_CFG_FY17Q4W7','FP_P2417H_WOST_CFG', 'FY17Q4W7', 'predicted');
INSERT INTO forecast(forecast_id, cfg_name, version_name, forecast_type) VALUES ('FP_P2417H_WOST_CFG_FY17Q4W8','FP_P2417H_WOST_CFG', 'FY17Q4W8', 'predicted');
INSERT INTO forecast(forecast_id, cfg_name, version_name, forecast_type) VALUES ('FP_P2417H_WOST_CFG_FY17Q4W9','FP_P2417H_WOST_CFG', 'FY17Q4W9', 'predicted');
INSERT INTO forecast(forecast_id, cfg_name, version_name, forecast_type) VALUES ('FP_P2417H_WOST_CFG_FY17Q4W10','FP_P2417H_WOST_CFG', 'FY17Q4W10', 'predicted');
INSERT INTO forecast(forecast_id, cfg_name, version_name, forecast_type) VALUES ('FP_P2417H_WOST_CFG_FY17Q4W11','FP_P2417H_WOST_CFG', 'FY17Q4W11', 'predicted');
INSERT INTO forecast(forecast_id, cfg_name, version_name, forecast_type) VALUES ('FP_P2417H_WOST_CFG_FY17Q4W12','FP_P2417H_WOST_CFG', 'FY17Q4W12', 'predicted');
INSERT INTO forecast(forecast_id, cfg_name, version_name, forecast_type) VALUES ('FP_P2417H_WOST_CFG_FY17Q4W13','FP_P2417H_WOST_CFG', 'FY17Q4W13', 'predicted');
INSERT INTO forecast(forecast_id, cfg_name, version_name, forecast_type) VALUES ('FP_P2417H_WOST_CFG_FY17Q4W14','FP_P2417H_WOST_CFG', 'FY17Q4W14', 'actual');
INSERT INTO entry(forecast_id, week_id, entry_value) VALUES ('FP_P2217H_WOST_CFG_FY17Q3W5', 'NovW117',  1270);
INSERT INTO entry(forecast_id, week_id, entry_value) VALUES ('FP_P2217H_WOST_CFG_FY17Q3W5', 'NovW217',  1270);
INSERT INTO entry(forecast_id, week_id, entry_value) VALUES ('FP_P2217H_WOST_CFG_FY17Q3W5', 'NovW317',  1270);
INSERT INTO entry(forecast_id, week_id, entry_value) VALUES ('FP_P2217H_WOST_CFG_FY17Q3W5', 'NovW417',  1269);
INSERT INTO entry(forecast_id, week_id, entry_value) VALUES ('FP_P2217H_WOST_CFG_FY17Q3W5', 'DecW117',  745);
INSERT INTO entry(forecast_id, week_id, entry_value) VALUES ('FP_P2217H_WOST_CFG_FY17Q3W5', 'DecW217',  745);
INSERT INTO entry(forecast_id, week_id, entry_value) VALUES ('FP_P2217H_WOST_CFG_FY17Q3W5', 'DecW317',  745);
INSERT INTO entry(forecast_id, week_id, entry_value) VALUES ('FP_P2217H_WOST_CFG_FY17Q3W5', 'DecW417',  744);
INSERT INTO entry(forecast_id, week_id, entry_value) VALUES ('FP_P2217H_WOST_CFG_FY17Q3W5', 'DecW517',  744);
INSERT INTO entry(forecast_id, week_id, entry_value) VALUES ('FP_P2217H_WOST_CFG_FY17Q3W5', 'JanW117',  784);
INSERT INTO entry(forecast_id, week_id, entry_value) VALUES ('FP_P2217H_WOST_CFG_FY17Q3W5', 'JanW217',  784);
INSERT INTO entry(forecast_id, week_id, entry_value) VALUES ('FP_P2217H_WOST_CFG_FY17Q3W5', 'JanW317',  784);
INSERT INTO entry(forecast_id, week_id, entry_value) VALUES ('FP_P2217H_WOST_CFG_FY17Q3W5', 'JanW417',  784);
INSERT INTO entry(forecast_id, week_id, entry_value) VALUES ('FP_P2217H_WOST_CFG_FY17Q3W5', 'JanW517',  783);
INSERT INTO entry(forecast_id, week_id, entry_value) VALUES ('FP_P2217H_WOST_CFG_FY17Q4W1', 'NovW117',  0);
INSERT INTO entry(forecast_id, week_id, entry_value) VALUES ('FP_P2217H_WOST_CFG_FY17Q4W1', 'NovW217',  830);
INSERT INTO entry(forecast_id, week_id, entry_value) VALUES ('FP_P2217H_WOST_CFG_FY17Q4W1', 'NovW317',  830);
INSERT INTO entry(forecast_id, week_id, entry_value) VALUES ('FP_P2217H_WOST_CFG_FY17Q4W1', 'NovW417',  830);
INSERT INTO entry(forecast_id, week_id, entry_value) VALUES ('FP_P2217H_WOST_CFG_FY17Q4W1', 'DecW117',  745);
INSERT INTO entry(forecast_id, week_id, entry_value) VALUES ('FP_P2217H_WOST_CFG_FY17Q4W1', 'DecW217',  745);
INSERT INTO entry(forecast_id, week_id, entry_value) VALUES ('FP_P2217H_WOST_CFG_FY17Q4W1', 'DecW317',  745);
INSERT INTO entry(forecast_id, week_id, entry_value) VALUES ('FP_P2217H_WOST_CFG_FY17Q4W1', 'DecW417',  744);
INSERT INTO entry(forecast_id, week_id, entry_value) VALUES ('FP_P2217H_WOST_CFG_FY17Q4W1', 'DecW517',  744);
INSERT INTO entry(forecast_id, week_id, entry_value) VALUES ('FP_P2217H_WOST_CFG_FY17Q4W1', 'JanW117',  784);
INSERT INTO entry(forecast_id, week_id, entry_value) VALUES ('FP_P2217H_WOST_CFG_FY17Q4W1', 'JanW217',  784);
INSERT INTO entry(forecast_id, week_id, entry_value) VALUES ('FP_P2217H_WOST_CFG_FY17Q4W1', 'JanW317',  784);
INSERT INTO entry(forecast_id, week_id, entry_value) VALUES ('FP_P2217H_WOST_CFG_FY17Q4W1', 'JanW417',  784);
INSERT INTO entry(forecast_id, week_id, entry_value) VALUES ('FP_P2217H_WOST_CFG_FY17Q4W1', 'JanW517',  783);
INSERT INTO entry(forecast_id, week_id, entry_value) VALUES ('FP_P2217H_WOST_CFG_FY17Q4W2', 'NovW117',  0);
INSERT INTO entry(forecast_id, week_id, entry_value) VALUES ('FP_P2217H_WOST_CFG_FY17Q4W2', 'NovW217',  0);
INSERT INTO entry(forecast_id, week_id, entry_value) VALUES ('FP_P2217H_WOST_CFG_FY17Q4W2', 'NovW317',  830);
INSERT INTO entry(forecast_id, week_id, entry_value) VALUES ('FP_P2217H_WOST_CFG_FY17Q4W2', 'NovW417',  830);
INSERT INTO entry(forecast_id, week_id, entry_value) VALUES ('FP_P2217H_WOST_CFG_FY17Q4W2', 'DecW117',  745);
INSERT INTO entry(forecast_id, week_id, entry_value) VALUES ('FP_P2217H_WOST_CFG_FY17Q4W2', 'DecW217',  745);
INSERT INTO entry(forecast_id, week_id, entry_value) VALUES ('FP_P2217H_WOST_CFG_FY17Q4W2', 'DecW317',  745);
INSERT INTO entry(forecast_id, week_id, entry_value) VALUES ('FP_P2217H_WOST_CFG_FY17Q4W2', 'DecW417',  744);
INSERT INTO entry(forecast_id, week_id, entry_value) VALUES ('FP_P2217H_WOST_CFG_FY17Q4W2', 'DecW517',  744);
INSERT INTO entry(forecast_id, week_id, entry_value) VALUES ('FP_P2217H_WOST_CFG_FY17Q4W2', 'JanW117',  784);
INSERT INTO entry(forecast_id, week_id, entry_value) VALUES ('FP_P2217H_WOST_CFG_FY17Q4W2', 'JanW217',  784);
INSERT INTO entry(forecast_id, week_id, entry_value) VALUES ('FP_P2217H_WOST_CFG_FY17Q4W2', 'JanW317',  784);
INSERT INTO entry(forecast_id, week_id, entry_value) VALUES ('FP_P2217H_WOST_CFG_FY17Q4W2', 'JanW417',  784);
INSERT INTO entry(forecast_id, week_id, entry_value) VALUES ('FP_P2217H_WOST_CFG_FY17Q4W2', 'JanW517',  783);
INSERT INTO entry(forecast_id, week_id, entry_value) VALUES ('FP_P2217H_WOST_CFG_FY17Q4W3', 'NovW117',  0);
INSERT INTO entry(forecast_id, week_id, entry_value) VALUES ('FP_P2217H_WOST_CFG_FY17Q4W3', 'NovW217',  0);
INSERT INTO entry(forecast_id, week_id, entry_value) VALUES ('FP_P2217H_WOST_CFG_FY17Q4W3', 'NovW317',  0);
INSERT INTO entry(forecast_id, week_id, entry_value) VALUES ('FP_P2217H_WOST_CFG_FY17Q4W3', 'NovW417',  830);
INSERT INTO entry(forecast_id, week_id, entry_value) VALUES ('FP_P2217H_WOST_CFG_FY17Q4W3', 'DecW117',  745);
INSERT INTO entry(forecast_id, week_id, entry_value) VALUES ('FP_P2217H_WOST_CFG_FY17Q4W3', 'DecW217',  745);
INSERT INTO entry(forecast_id, week_id, entry_value) VALUES ('FP_P2217H_WOST_CFG_FY17Q4W3', 'DecW317',  745);
INSERT INTO entry(forecast_id, week_id, entry_value) VALUES ('FP_P2217H_WOST_CFG_FY17Q4W3', 'DecW417',  744);
INSERT INTO entry(forecast_id, week_id, entry_value) VALUES ('FP_P2217H_WOST_CFG_FY17Q4W3', 'DecW517',  744);
INSERT INTO entry(forecast_id, week_id, entry_value) VALUES ('FP_P2217H_WOST_CFG_FY17Q4W3', 'JanW117',  784);
INSERT INTO entry(forecast_id, week_id, entry_value) VALUES ('FP_P2217H_WOST_CFG_FY17Q4W3', 'JanW217',  784);
INSERT INTO entry(forecast_id, week_id, entry_value) VALUES ('FP_P2217H_WOST_CFG_FY17Q4W3', 'JanW317',  784);
INSERT INTO entry(forecast_id, week_id, entry_value) VALUES ('FP_P2217H_WOST_CFG_FY17Q4W3', 'JanW417',  784);
INSERT INTO entry(forecast_id, week_id, entry_value) VALUES ('FP_P2217H_WOST_CFG_FY17Q4W3', 'JanW517',  783);
INSERT INTO entry(forecast_id, week_id, entry_value) VALUES ('FP_P2217H_WOST_CFG_FY17Q4W4', 'NovW117',  0);
INSERT INTO entry(forecast_id, week_id, entry_value) VALUES ('FP_P2217H_WOST_CFG_FY17Q4W4', 'NovW217',  0);
INSERT INTO entry(forecast_id, week_id, entry_value) VALUES ('FP_P2217H_WOST_CFG_FY17Q4W4', 'NovW317',  0);
INSERT INTO entry(forecast_id, week_id, entry_value) VALUES ('FP_P2217H_WOST_CFG_FY17Q4W4', 'NovW417',  0);
INSERT INTO entry(forecast_id, week_id, entry_value) VALUES ('FP_P2217H_WOST_CFG_FY17Q4W4', 'DecW117',  745);
INSERT INTO entry(forecast_id, week_id, entry_value) VALUES ('FP_P2217H_WOST_CFG_FY17Q4W4', 'DecW217',  745);
INSERT INTO entry(forecast_id, week_id, entry_value) VALUES ('FP_P2217H_WOST_CFG_FY17Q4W4', 'DecW317',  745);
INSERT INTO entry(forecast_id, week_id, entry_value) VALUES ('FP_P2217H_WOST_CFG_FY17Q4W4', 'DecW417',  744);
INSERT INTO entry(forecast_id, week_id, entry_value) VALUES ('FP_P2217H_WOST_CFG_FY17Q4W4', 'DecW517',  744);
INSERT INTO entry(forecast_id, week_id, entry_value) VALUES ('FP_P2217H_WOST_CFG_FY17Q4W4', 'JanW117',  784);
INSERT INTO entry(forecast_id, week_id, entry_value) VALUES ('FP_P2217H_WOST_CFG_FY17Q4W4', 'JanW217',  784);
INSERT INTO entry(forecast_id, week_id, entry_value) VALUES ('FP_P2217H_WOST_CFG_FY17Q4W4', 'JanW317',  784);
INSERT INTO entry(forecast_id, week_id, entry_value) VALUES ('FP_P2217H_WOST_CFG_FY17Q4W4', 'JanW417',  784);
INSERT INTO entry(forecast_id, week_id, entry_value) VALUES ('FP_P2217H_WOST_CFG_FY17Q4W4', 'JanW517',  783);
INSERT INTO entry(forecast_id, week_id, entry_value) VALUES ('FP_P2217H_WOST_CFG_FY17Q4W5', 'NovW117',  0);
INSERT INTO entry(forecast_id, week_id, entry_value) VALUES ('FP_P2217H_WOST_CFG_FY17Q4W5', 'NovW217',  0);
INSERT INTO entry(forecast_id, week_id, entry_value) VALUES ('FP_P2217H_WOST_CFG_FY17Q4W5', 'NovW317',  0);
INSERT INTO entry(forecast_id, week_id, entry_value) VALUES ('FP_P2217H_WOST_CFG_FY17Q4W5', 'NovW417',  0);
INSERT INTO entry(forecast_id, week_id, entry_value) VALUES ('FP_P2217H_WOST_CFG_FY17Q4W5', 'DecW117',  0);
INSERT INTO entry(forecast_id, week_id, entry_value) VALUES ('FP_P2217H_WOST_CFG_FY17Q4W5', 'DecW217',  745);
INSERT INTO entry(forecast_id, week_id, entry_value) VALUES ('FP_P2217H_WOST_CFG_FY17Q4W5', 'DecW317',  745);
INSERT INTO entry(forecast_id, week_id, entry_value) VALUES ('FP_P2217H_WOST_CFG_FY17Q4W5', 'DecW417',  744);
INSERT INTO entry(forecast_id, week_id, entry_value) VALUES ('FP_P2217H_WOST_CFG_FY17Q4W5', 'DecW517',  744);
INSERT INTO entry(forecast_id, week_id, entry_value) VALUES ('FP_P2217H_WOST_CFG_FY17Q4W5', 'JanW117',  784);
INSERT INTO entry(forecast_id, week_id, entry_value) VALUES ('FP_P2217H_WOST_CFG_FY17Q4W5', 'JanW217',  784);
INSERT INTO entry(forecast_id, week_id, entry_value) VALUES ('FP_P2217H_WOST_CFG_FY17Q4W5', 'JanW317',  784);
INSERT INTO entry(forecast_id, week_id, entry_value) VALUES ('FP_P2217H_WOST_CFG_FY17Q4W5', 'JanW417',  784);
INSERT INTO entry(forecast_id, week_id, entry_value) VALUES ('FP_P2217H_WOST_CFG_FY17Q4W5', 'JanW517',  783);
INSERT INTO entry(forecast_id, week_id, entry_value) VALUES ('FP_P2217H_WOST_CFG_FY17Q4W6', 'NovW117',  0);
INSERT INTO entry(forecast_id, week_id, entry_value) VALUES ('FP_P2217H_WOST_CFG_FY17Q4W6', 'NovW217',  0);
INSERT INTO entry(forecast_id, week_id, entry_value) VALUES ('FP_P2217H_WOST_CFG_FY17Q4W6', 'NovW317',  0);
INSERT INTO entry(forecast_id, week_id, entry_value) VALUES ('FP_P2217H_WOST_CFG_FY17Q4W6', 'NovW417',  0);
INSERT INTO entry(forecast_id, week_id, entry_value) VALUES ('FP_P2217H_WOST_CFG_FY17Q4W6', 'DecW117',  0);
INSERT INTO entry(forecast_id, week_id, entry_value) VALUES ('FP_P2217H_WOST_CFG_FY17Q4W6', 'DecW217',  0);
INSERT INTO entry(forecast_id, week_id, entry_value) VALUES ('FP_P2217H_WOST_CFG_FY17Q4W6', 'DecW317',  745);
INSERT INTO entry(forecast_id, week_id, entry_value) VALUES ('FP_P2217H_WOST_CFG_FY17Q4W6', 'DecW417',  744);
INSERT INTO entry(forecast_id, week_id, entry_value) VALUES ('FP_P2217H_WOST_CFG_FY17Q4W6', 'DecW517',  744);
INSERT INTO entry(forecast_id, week_id, entry_value) VALUES ('FP_P2217H_WOST_CFG_FY17Q4W6', 'JanW117',  784);
INSERT INTO entry(forecast_id, week_id, entry_value) VALUES ('FP_P2217H_WOST_CFG_FY17Q4W6', 'JanW217',  784);
INSERT INTO entry(forecast_id, week_id, entry_value) VALUES ('FP_P2217H_WOST_CFG_FY17Q4W6', 'JanW317',  784);
INSERT INTO entry(forecast_id, week_id, entry_value) VALUES ('FP_P2217H_WOST_CFG_FY17Q4W6', 'JanW417',  784);
INSERT INTO entry(forecast_id, week_id, entry_value) VALUES ('FP_P2217H_WOST_CFG_FY17Q4W6', 'JanW517',  783);
INSERT INTO entry(forecast_id, week_id, entry_value) VALUES ('FP_P2217H_WOST_CFG_FY17Q4W7', 'NovW117',  0);
INSERT INTO entry(forecast_id, week_id, entry_value) VALUES ('FP_P2217H_WOST_CFG_FY17Q4W7', 'NovW217',  0);
INSERT INTO entry(forecast_id, week_id, entry_value) VALUES ('FP_P2217H_WOST_CFG_FY17Q4W7', 'NovW317',  0);
INSERT INTO entry(forecast_id, week_id, entry_value) VALUES ('FP_P2217H_WOST_CFG_FY17Q4W7', 'NovW417',  0);
INSERT INTO entry(forecast_id, week_id, entry_value) VALUES ('FP_P2217H_WOST_CFG_FY17Q4W7', 'DecW117',  0);
INSERT INTO entry(forecast_id, week_id, entry_value) VALUES ('FP_P2217H_WOST_CFG_FY17Q4W7', 'DecW217',  0);
INSERT INTO entry(forecast_id, week_id, entry_value) VALUES ('FP_P2217H_WOST_CFG_FY17Q4W7', 'DecW317',  0);
INSERT INTO entry(forecast_id, week_id, entry_value) VALUES ('FP_P2217H_WOST_CFG_FY17Q4W7', 'DecW417',  744);
INSERT INTO entry(forecast_id, week_id, entry_value) VALUES ('FP_P2217H_WOST_CFG_FY17Q4W7', 'DecW517',  744);
INSERT INTO entry(forecast_id, week_id, entry_value) VALUES ('FP_P2217H_WOST_CFG_FY17Q4W7', 'JanW117',  685);
INSERT INTO entry(forecast_id, week_id, entry_value) VALUES ('FP_P2217H_WOST_CFG_FY17Q4W7', 'JanW217',  685);
INSERT INTO entry(forecast_id, week_id, entry_value) VALUES ('FP_P2217H_WOST_CFG_FY17Q4W7', 'JanW317',  685);
INSERT INTO entry(forecast_id, week_id, entry_value) VALUES ('FP_P2217H_WOST_CFG_FY17Q4W7', 'JanW417',  685);
INSERT INTO entry(forecast_id, week_id, entry_value) VALUES ('FP_P2217H_WOST_CFG_FY17Q4W7', 'JanW517',  685);
INSERT INTO entry(forecast_id, week_id, entry_value) VALUES ('FP_P2217H_WOST_CFG_FY17Q4W8', 'NovW117',  0);
INSERT INTO entry(forecast_id, week_id, entry_value) VALUES ('FP_P2217H_WOST_CFG_FY17Q4W8', 'NovW217',  0);
INSERT INTO entry(forecast_id, week_id, entry_value) VALUES ('FP_P2217H_WOST_CFG_FY17Q4W8', 'NovW317',  0);
INSERT INTO entry(forecast_id, week_id, entry_value) VALUES ('FP_P2217H_WOST_CFG_FY17Q4W8', 'NovW417',  0);
INSERT INTO entry(forecast_id, week_id, entry_value) VALUES ('FP_P2217H_WOST_CFG_FY17Q4W8', 'DecW117',  0);
INSERT INTO entry(forecast_id, week_id, entry_value) VALUES ('FP_P2217H_WOST_CFG_FY17Q4W8', 'DecW217',  0);
INSERT INTO entry(forecast_id, week_id, entry_value) VALUES ('FP_P2217H_WOST_CFG_FY17Q4W8', 'DecW317',  0);
INSERT INTO entry(forecast_id, week_id, entry_value) VALUES ('FP_P2217H_WOST_CFG_FY17Q4W8', 'DecW417',  0);
INSERT INTO entry(forecast_id, week_id, entry_value) VALUES ('FP_P2217H_WOST_CFG_FY17Q4W8', 'DecW517',  744);
INSERT INTO entry(forecast_id, week_id, entry_value) VALUES ('FP_P2217H_WOST_CFG_FY17Q4W8', 'JanW117',  685);
INSERT INTO entry(forecast_id, week_id, entry_value) VALUES ('FP_P2217H_WOST_CFG_FY17Q4W8', 'JanW217',  685);
INSERT INTO entry(forecast_id, week_id, entry_value) VALUES ('FP_P2217H_WOST_CFG_FY17Q4W8', 'JanW317',  685);
INSERT INTO entry(forecast_id, week_id, entry_value) VALUES ('FP_P2217H_WOST_CFG_FY17Q4W8', 'JanW417',  685);
INSERT INTO entry(forecast_id, week_id, entry_value) VALUES ('FP_P2217H_WOST_CFG_FY17Q4W8', 'JanW517',  685);
INSERT INTO entry(forecast_id, week_id, entry_value) VALUES ('FP_P2217H_WOST_CFG_FY17Q4W9', 'NovW117',  0);
INSERT INTO entry(forecast_id, week_id, entry_value) VALUES ('FP_P2217H_WOST_CFG_FY17Q4W9', 'NovW217',  0);
INSERT INTO entry(forecast_id, week_id, entry_value) VALUES ('FP_P2217H_WOST_CFG_FY17Q4W9', 'NovW317',  0);
INSERT INTO entry(forecast_id, week_id, entry_value) VALUES ('FP_P2217H_WOST_CFG_FY17Q4W9', 'NovW417',  0);
INSERT INTO entry(forecast_id, week_id, entry_value) VALUES ('FP_P2217H_WOST_CFG_FY17Q4W9', 'DecW117',  0);
INSERT INTO entry(forecast_id, week_id, entry_value) VALUES ('FP_P2217H_WOST_CFG_FY17Q4W9', 'DecW217',  0);
INSERT INTO entry(forecast_id, week_id, entry_value) VALUES ('FP_P2217H_WOST_CFG_FY17Q4W9', 'DecW317',  0);
INSERT INTO entry(forecast_id, week_id, entry_value) VALUES ('FP_P2217H_WOST_CFG_FY17Q4W9', 'DecW417',  0);
INSERT INTO entry(forecast_id, week_id, entry_value) VALUES ('FP_P2217H_WOST_CFG_FY17Q4W9', 'DecW517',  0);
INSERT INTO entry(forecast_id, week_id, entry_value) VALUES ('FP_P2217H_WOST_CFG_FY17Q4W9', 'JanW117',  685);
INSERT INTO entry(forecast_id, week_id, entry_value) VALUES ('FP_P2217H_WOST_CFG_FY17Q4W9', 'JanW217',  685);
INSERT INTO entry(forecast_id, week_id, entry_value) VALUES ('FP_P2217H_WOST_CFG_FY17Q4W9', 'JanW317',  685);
INSERT INTO entry(forecast_id, week_id, entry_value) VALUES ('FP_P2217H_WOST_CFG_FY17Q4W9', 'JanW417',  685);
INSERT INTO entry(forecast_id, week_id, entry_value) VALUES ('FP_P2217H_WOST_CFG_FY17Q4W9', 'JanW517',  685);
INSERT INTO entry(forecast_id, week_id, entry_value) VALUES ('FP_P2217H_WOST_CFG_FY17Q4W10', 'NovW117',  0);
INSERT INTO entry(forecast_id, week_id, entry_value) VALUES ('FP_P2217H_WOST_CFG_FY17Q4W10', 'NovW217',  0);
INSERT INTO entry(forecast_id, week_id, entry_value) VALUES ('FP_P2217H_WOST_CFG_FY17Q4W10', 'NovW317',  0);
INSERT INTO entry(forecast_id, week_id, entry_value) VALUES ('FP_P2217H_WOST_CFG_FY17Q4W10', 'NovW417',  0);
INSERT INTO entry(forecast_id, week_id, entry_value) VALUES ('FP_P2217H_WOST_CFG_FY17Q4W10', 'DecW117',  0);
INSERT INTO entry(forecast_id, week_id, entry_value) VALUES ('FP_P2217H_WOST_CFG_FY17Q4W10', 'DecW217',  0);
INSERT INTO entry(forecast_id, week_id, entry_value) VALUES ('FP_P2217H_WOST_CFG_FY17Q4W10', 'DecW317',  0);
INSERT INTO entry(forecast_id, week_id, entry_value) VALUES ('FP_P2217H_WOST_CFG_FY17Q4W10', 'DecW417',  0);
INSERT INTO entry(forecast_id, week_id, entry_value) VALUES ('FP_P2217H_WOST_CFG_FY17Q4W10', 'DecW517',  0);
INSERT INTO entry(forecast_id, week_id, entry_value) VALUES ('FP_P2217H_WOST_CFG_FY17Q4W10', 'JanW117',  0);
INSERT INTO entry(forecast_id, week_id, entry_value) VALUES ('FP_P2217H_WOST_CFG_FY17Q4W10', 'JanW217',  685);
INSERT INTO entry(forecast_id, week_id, entry_value) VALUES ('FP_P2217H_WOST_CFG_FY17Q4W10', 'JanW317',  685);
INSERT INTO entry(forecast_id, week_id, entry_value) VALUES ('FP_P2217H_WOST_CFG_FY17Q4W10', 'JanW417',  685);
INSERT INTO entry(forecast_id, week_id, entry_value) VALUES ('FP_P2217H_WOST_CFG_FY17Q4W10', 'JanW517',  685);
INSERT INTO entry(forecast_id, week_id, entry_value) VALUES ('FP_P2217H_WOST_CFG_FY17Q4W11', 'NovW117',  0);
INSERT INTO entry(forecast_id, week_id, entry_value) VALUES ('FP_P2217H_WOST_CFG_FY17Q4W11', 'NovW217',  0);
INSERT INTO entry(forecast_id, week_id, entry_value) VALUES ('FP_P2217H_WOST_CFG_FY17Q4W11', 'NovW317',  0);
INSERT INTO entry(forecast_id, week_id, entry_value) VALUES ('FP_P2217H_WOST_CFG_FY17Q4W11', 'NovW417',  0);
INSERT INTO entry(forecast_id, week_id, entry_value) VALUES ('FP_P2217H_WOST_CFG_FY17Q4W11', 'DecW117',  0);
INSERT INTO entry(forecast_id, week_id, entry_value) VALUES ('FP_P2217H_WOST_CFG_FY17Q4W11', 'DecW217',  0);
INSERT INTO entry(forecast_id, week_id, entry_value) VALUES ('FP_P2217H_WOST_CFG_FY17Q4W11', 'DecW317',  0);
INSERT INTO entry(forecast_id, week_id, entry_value) VALUES ('FP_P2217H_WOST_CFG_FY17Q4W11', 'DecW417',  0);
INSERT INTO entry(forecast_id, week_id, entry_value) VALUES ('FP_P2217H_WOST_CFG_FY17Q4W11', 'DecW517',  0);
INSERT INTO entry(forecast_id, week_id, entry_value) VALUES ('FP_P2217H_WOST_CFG_FY17Q4W11', 'JanW117',  0);
INSERT INTO entry(forecast_id, week_id, entry_value) VALUES ('FP_P2217H_WOST_CFG_FY17Q4W11', 'JanW217',  0);
INSERT INTO entry(forecast_id, week_id, entry_value) VALUES ('FP_P2217H_WOST_CFG_FY17Q4W11', 'JanW317',  685);
INSERT INTO entry(forecast_id, week_id, entry_value) VALUES ('FP_P2217H_WOST_CFG_FY17Q4W11', 'JanW417',  685);
INSERT INTO entry(forecast_id, week_id, entry_value) VALUES ('FP_P2217H_WOST_CFG_FY17Q4W11', 'JanW517',  685);
INSERT INTO entry(forecast_id, week_id, entry_value) VALUES ('FP_P2217H_WOST_CFG_FY17Q4W12', 'NovW117',  0);
INSERT INTO entry(forecast_id, week_id, entry_value) VALUES ('FP_P2217H_WOST_CFG_FY17Q4W12', 'NovW217',  0);
INSERT INTO entry(forecast_id, week_id, entry_value) VALUES ('FP_P2217H_WOST_CFG_FY17Q4W12', 'NovW317',  0);
INSERT INTO entry(forecast_id, week_id, entry_value) VALUES ('FP_P2217H_WOST_CFG_FY17Q4W12', 'NovW417',  0);
INSERT INTO entry(forecast_id, week_id, entry_value) VALUES ('FP_P2217H_WOST_CFG_FY17Q4W12', 'DecW117',  0);
INSERT INTO entry(forecast_id, week_id, entry_value) VALUES ('FP_P2217H_WOST_CFG_FY17Q4W12', 'DecW217',  0);
INSERT INTO entry(forecast_id, week_id, entry_value) VALUES ('FP_P2217H_WOST_CFG_FY17Q4W12', 'DecW317',  0);
INSERT INTO entry(forecast_id, week_id, entry_value) VALUES ('FP_P2217H_WOST_CFG_FY17Q4W12', 'DecW417',  0);
INSERT INTO entry(forecast_id, week_id, entry_value) VALUES ('FP_P2217H_WOST_CFG_FY17Q4W12', 'DecW517',  0);
INSERT INTO entry(forecast_id, week_id, entry_value) VALUES ('FP_P2217H_WOST_CFG_FY17Q4W12', 'JanW117',  0);
INSERT INTO entry(forecast_id, week_id, entry_value) VALUES ('FP_P2217H_WOST_CFG_FY17Q4W12', 'JanW217',  0);
INSERT INTO entry(forecast_id, week_id, entry_value) VALUES ('FP_P2217H_WOST_CFG_FY17Q4W12', 'JanW317',  0);
INSERT INTO entry(forecast_id, week_id, entry_value) VALUES ('FP_P2217H_WOST_CFG_FY17Q4W12', 'JanW417',  685);
INSERT INTO entry(forecast_id, week_id, entry_value) VALUES ('FP_P2217H_WOST_CFG_FY17Q4W12', 'JanW517',  685);
INSERT INTO entry(forecast_id, week_id, entry_value) VALUES ('FP_P2217H_WOST_CFG_FY17Q4W13', 'NovW117',  0);
INSERT INTO entry(forecast_id, week_id, entry_value) VALUES ('FP_P2217H_WOST_CFG_FY17Q4W13', 'NovW217',  0);
INSERT INTO entry(forecast_id, week_id, entry_value) VALUES ('FP_P2217H_WOST_CFG_FY17Q4W13', 'NovW317',  0);
INSERT INTO entry(forecast_id, week_id, entry_value) VALUES ('FP_P2217H_WOST_CFG_FY17Q4W13', 'NovW417',  0);
INSERT INTO entry(forecast_id, week_id, entry_value) VALUES ('FP_P2217H_WOST_CFG_FY17Q4W13', 'DecW117',  0);
INSERT INTO entry(forecast_id, week_id, entry_value) VALUES ('FP_P2217H_WOST_CFG_FY17Q4W13', 'DecW217',  0);
INSERT INTO entry(forecast_id, week_id, entry_value) VALUES ('FP_P2217H_WOST_CFG_FY17Q4W13', 'DecW317',  0);
INSERT INTO entry(forecast_id, week_id, entry_value) VALUES ('FP_P2217H_WOST_CFG_FY17Q4W13', 'DecW417',  0);
INSERT INTO entry(forecast_id, week_id, entry_value) VALUES ('FP_P2217H_WOST_CFG_FY17Q4W13', 'DecW517',  0);
INSERT INTO entry(forecast_id, week_id, entry_value) VALUES ('FP_P2217H_WOST_CFG_FY17Q4W13', 'JanW117',  0);
INSERT INTO entry(forecast_id, week_id, entry_value) VALUES ('FP_P2217H_WOST_CFG_FY17Q4W13', 'JanW217',  0);
INSERT INTO entry(forecast_id, week_id, entry_value) VALUES ('FP_P2217H_WOST_CFG_FY17Q4W13', 'JanW317',  0);
INSERT INTO entry(forecast_id, week_id, entry_value) VALUES ('FP_P2217H_WOST_CFG_FY17Q4W13', 'JanW417',  0);
INSERT INTO entry(forecast_id, week_id, entry_value) VALUES ('FP_P2217H_WOST_CFG_FY17Q4W13', 'JanW517',  685);
INSERT INTO entry(forecast_id, week_id, entry_value) VALUES ('FP_P2217H_WOST_CFG_FY17Q4W14', 'NovW117',  615);
INSERT INTO entry(forecast_id, week_id, entry_value) VALUES ('FP_P2217H_WOST_CFG_FY17Q4W14', 'NovW217',  444);
INSERT INTO entry(forecast_id, week_id, entry_value) VALUES ('FP_P2217H_WOST_CFG_FY17Q4W14', 'NovW317',  1085);
INSERT INTO entry(forecast_id, week_id, entry_value) VALUES ('FP_P2217H_WOST_CFG_FY17Q4W14', 'NovW417',  830);
INSERT INTO entry(forecast_id, week_id, entry_value) VALUES ('FP_P2217H_WOST_CFG_FY17Q4W14', 'DecW117',  494);
INSERT INTO entry(forecast_id, week_id, entry_value) VALUES ('FP_P2217H_WOST_CFG_FY17Q4W14', 'DecW217',  582);
INSERT INTO entry(forecast_id, week_id, entry_value) VALUES ('FP_P2217H_WOST_CFG_FY17Q4W14', 'DecW317',  935);
INSERT INTO entry(forecast_id, week_id, entry_value) VALUES ('FP_P2217H_WOST_CFG_FY17Q4W14', 'DecW417',  278);
INSERT INTO entry(forecast_id, week_id, entry_value) VALUES ('FP_P2217H_WOST_CFG_FY17Q4W14', 'DecW517',  1961);
INSERT INTO entry(forecast_id, week_id, entry_value) VALUES ('FP_P2217H_WOST_CFG_FY17Q4W14', 'JanW117',  2554);
INSERT INTO entry(forecast_id, week_id, entry_value) VALUES ('FP_P2217H_WOST_CFG_FY17Q4W14', 'JanW217',  996);
INSERT INTO entry(forecast_id, week_id, entry_value) VALUES ('FP_P2217H_WOST_CFG_FY17Q4W14', 'JanW317',  -1375);
INSERT INTO entry(forecast_id, week_id, entry_value) VALUES ('FP_P2217H_WOST_CFG_FY17Q4W14', 'JanW417',  1240);
INSERT INTO entry(forecast_id, week_id, entry_value) VALUES ('FP_P2217H_WOST_CFG_FY17Q4W14', 'JanW517',  1110);
INSERT INTO entry(forecast_id, week_id, entry_value) VALUES ('FP_P2217H_CFG_FY17Q3W5', 'NovW117',  21625);
INSERT INTO entry(forecast_id, week_id, entry_value) VALUES ('FP_P2217H_CFG_FY17Q3W5', 'NovW217',  21625);
INSERT INTO entry(forecast_id, week_id, entry_value) VALUES ('FP_P2217H_CFG_FY17Q3W5', 'NovW317',  21625);
INSERT INTO entry(forecast_id, week_id, entry_value) VALUES ('FP_P2217H_CFG_FY17Q3W5', 'NovW417',  21625);
INSERT INTO entry(forecast_id, week_id, entry_value) VALUES ('FP_P2217H_CFG_FY17Q3W5', 'DecW117',  18700);
INSERT INTO entry(forecast_id, week_id, entry_value) VALUES ('FP_P2217H_CFG_FY17Q3W5', 'DecW217',  18700);
INSERT INTO entry(forecast_id, week_id, entry_value) VALUES ('FP_P2217H_CFG_FY17Q3W5', 'DecW317',  18700);
INSERT INTO entry(forecast_id, week_id, entry_value) VALUES ('FP_P2217H_CFG_FY17Q3W5', 'DecW417',  18700);
INSERT INTO entry(forecast_id, week_id, entry_value) VALUES ('FP_P2217H_CFG_FY17Q3W5', 'DecW517',  18700);
INSERT INTO entry(forecast_id, week_id, entry_value) VALUES ('FP_P2217H_CFG_FY17Q3W5', 'JanW117',  19550);
INSERT INTO entry(forecast_id, week_id, entry_value) VALUES ('FP_P2217H_CFG_FY17Q3W5', 'JanW217',  19550);
INSERT INTO entry(forecast_id, week_id, entry_value) VALUES ('FP_P2217H_CFG_FY17Q3W5', 'JanW317',  19550);
INSERT INTO entry(forecast_id, week_id, entry_value) VALUES ('FP_P2217H_CFG_FY17Q3W5', 'JanW417',  19550);
INSERT INTO entry(forecast_id, week_id, entry_value) VALUES ('FP_P2217H_CFG_FY17Q3W5', 'JanW517',  19550);
INSERT INTO entry(forecast_id, week_id, entry_value) VALUES ('FP_P2217H_CFG_FY17Q4W1', 'NovW117',  0);
INSERT INTO entry(forecast_id, week_id, entry_value) VALUES ('FP_P2217H_CFG_FY17Q4W1', 'NovW217',  20175);
INSERT INTO entry(forecast_id, week_id, entry_value) VALUES ('FP_P2217H_CFG_FY17Q4W1', 'NovW317',  20175);
INSERT INTO entry(forecast_id, week_id, entry_value) VALUES ('FP_P2217H_CFG_FY17Q4W1', 'NovW417',  20175);
INSERT INTO entry(forecast_id, week_id, entry_value) VALUES ('FP_P2217H_CFG_FY17Q4W1', 'DecW117',  18050);
INSERT INTO entry(forecast_id, week_id, entry_value) VALUES ('FP_P2217H_CFG_FY17Q4W1', 'DecW217',  18050);
INSERT INTO entry(forecast_id, week_id, entry_value) VALUES ('FP_P2217H_CFG_FY17Q4W1', 'DecW317',  18050);
INSERT INTO entry(forecast_id, week_id, entry_value) VALUES ('FP_P2217H_CFG_FY17Q4W1', 'DecW417',  18050);
INSERT INTO entry(forecast_id, week_id, entry_value) VALUES ('FP_P2217H_CFG_FY17Q4W1', 'DecW517',  18050);
INSERT INTO entry(forecast_id, week_id, entry_value) VALUES ('FP_P2217H_CFG_FY17Q4W1', 'JanW117',  20090);
INSERT INTO entry(forecast_id, week_id, entry_value) VALUES ('FP_P2217H_CFG_FY17Q4W1', 'JanW217',  20090);
INSERT INTO entry(forecast_id, week_id, entry_value) VALUES ('FP_P2217H_CFG_FY17Q4W1', 'JanW317',  20090);
INSERT INTO entry(forecast_id, week_id, entry_value) VALUES ('FP_P2217H_CFG_FY17Q4W1', 'JanW417',  20090);
INSERT INTO entry(forecast_id, week_id, entry_value) VALUES ('FP_P2217H_CFG_FY17Q4W1', 'JanW517',  20090);
INSERT INTO entry(forecast_id, week_id, entry_value) VALUES ('FP_P2217H_CFG_FY17Q4W2', 'NovW117',  0);
INSERT INTO entry(forecast_id, week_id, entry_value) VALUES ('FP_P2217H_CFG_FY17Q4W2', 'NovW217',  0);
INSERT INTO entry(forecast_id, week_id, entry_value) VALUES ('FP_P2217H_CFG_FY17Q4W2', 'NovW317',  20175);
INSERT INTO entry(forecast_id, week_id, entry_value) VALUES ('FP_P2217H_CFG_FY17Q4W2', 'NovW417',  20175);
INSERT INTO entry(forecast_id, week_id, entry_value) VALUES ('FP_P2217H_CFG_FY17Q4W2', 'DecW117',  18386);
INSERT INTO entry(forecast_id, week_id, entry_value) VALUES ('FP_P2217H_CFG_FY17Q4W2', 'DecW217',  18050);
INSERT INTO entry(forecast_id, week_id, entry_value) VALUES ('FP_P2217H_CFG_FY17Q4W2', 'DecW317',  18050);
INSERT INTO entry(forecast_id, week_id, entry_value) VALUES ('FP_P2217H_CFG_FY17Q4W2', 'DecW417',  18050);
INSERT INTO entry(forecast_id, week_id, entry_value) VALUES ('FP_P2217H_CFG_FY17Q4W2', 'DecW517',  18050);
INSERT INTO entry(forecast_id, week_id, entry_value) VALUES ('FP_P2217H_CFG_FY17Q4W2', 'JanW117',  20090);
INSERT INTO entry(forecast_id, week_id, entry_value) VALUES ('FP_P2217H_CFG_FY17Q4W2', 'JanW217',  20090);
INSERT INTO entry(forecast_id, week_id, entry_value) VALUES ('FP_P2217H_CFG_FY17Q4W2', 'JanW317',  20090);
INSERT INTO entry(forecast_id, week_id, entry_value) VALUES ('FP_P2217H_CFG_FY17Q4W2', 'JanW417',  20090);
INSERT INTO entry(forecast_id, week_id, entry_value) VALUES ('FP_P2217H_CFG_FY17Q4W2', 'JanW517',  20090);
INSERT INTO entry(forecast_id, week_id, entry_value) VALUES ('FP_P2217H_CFG_FY17Q4W3', 'NovW117',  0);
INSERT INTO entry(forecast_id, week_id, entry_value) VALUES ('FP_P2217H_CFG_FY17Q4W3', 'NovW217',  0);
INSERT INTO entry(forecast_id, week_id, entry_value) VALUES ('FP_P2217H_CFG_FY17Q4W3', 'NovW317',  0);
INSERT INTO entry(forecast_id, week_id, entry_value) VALUES ('FP_P2217H_CFG_FY17Q4W3', 'NovW417',  20175);
INSERT INTO entry(forecast_id, week_id, entry_value) VALUES ('FP_P2217H_CFG_FY17Q4W3', 'DecW117',  18386);
INSERT INTO entry(forecast_id, week_id, entry_value) VALUES ('FP_P2217H_CFG_FY17Q4W3', 'DecW217',  18050);
INSERT INTO entry(forecast_id, week_id, entry_value) VALUES ('FP_P2217H_CFG_FY17Q4W3', 'DecW317',  18050);
INSERT INTO entry(forecast_id, week_id, entry_value) VALUES ('FP_P2217H_CFG_FY17Q4W3', 'DecW417',  18050);
INSERT INTO entry(forecast_id, week_id, entry_value) VALUES ('FP_P2217H_CFG_FY17Q4W3', 'DecW517',  18050);
INSERT INTO entry(forecast_id, week_id, entry_value) VALUES ('FP_P2217H_CFG_FY17Q4W3', 'JanW117',  20090);
INSERT INTO entry(forecast_id, week_id, entry_value) VALUES ('FP_P2217H_CFG_FY17Q4W3', 'JanW217',  20090);
INSERT INTO entry(forecast_id, week_id, entry_value) VALUES ('FP_P2217H_CFG_FY17Q4W3', 'JanW317',  20090);
INSERT INTO entry(forecast_id, week_id, entry_value) VALUES ('FP_P2217H_CFG_FY17Q4W3', 'JanW417',  20090);
INSERT INTO entry(forecast_id, week_id, entry_value) VALUES ('FP_P2217H_CFG_FY17Q4W3', 'JanW517',  20090);
INSERT INTO entry(forecast_id, week_id, entry_value) VALUES ('FP_P2217H_CFG_FY17Q4W4', 'NovW117',  0);
INSERT INTO entry(forecast_id, week_id, entry_value) VALUES ('FP_P2217H_CFG_FY17Q4W4', 'NovW217',  0);
INSERT INTO entry(forecast_id, week_id, entry_value) VALUES ('FP_P2217H_CFG_FY17Q4W4', 'NovW317',  0);
INSERT INTO entry(forecast_id, week_id, entry_value) VALUES ('FP_P2217H_CFG_FY17Q4W4', 'NovW417',  0);
INSERT INTO entry(forecast_id, week_id, entry_value) VALUES ('FP_P2217H_CFG_FY17Q4W4', 'DecW117',  18486);
INSERT INTO entry(forecast_id, week_id, entry_value) VALUES ('FP_P2217H_CFG_FY17Q4W4', 'DecW217',  18150);
INSERT INTO entry(forecast_id, week_id, entry_value) VALUES ('FP_P2217H_CFG_FY17Q4W4', 'DecW317',  18150);
INSERT INTO entry(forecast_id, week_id, entry_value) VALUES ('FP_P2217H_CFG_FY17Q4W4', 'DecW417',  18150);
INSERT INTO entry(forecast_id, week_id, entry_value) VALUES ('FP_P2217H_CFG_FY17Q4W4', 'DecW517',  18150);
INSERT INTO entry(forecast_id, week_id, entry_value) VALUES ('FP_P2217H_CFG_FY17Q4W4', 'JanW117',  20190);
INSERT INTO entry(forecast_id, week_id, entry_value) VALUES ('FP_P2217H_CFG_FY17Q4W4', 'JanW217',  20190);
INSERT INTO entry(forecast_id, week_id, entry_value) VALUES ('FP_P2217H_CFG_FY17Q4W4', 'JanW317',  20190);
INSERT INTO entry(forecast_id, week_id, entry_value) VALUES ('FP_P2217H_CFG_FY17Q4W4', 'JanW417',  20190);
INSERT INTO entry(forecast_id, week_id, entry_value) VALUES ('FP_P2217H_CFG_FY17Q4W4', 'JanW517',  20190);
INSERT INTO entry(forecast_id, week_id, entry_value) VALUES ('FP_P2217H_CFG_FY17Q4W5', 'NovW117',  0);
INSERT INTO entry(forecast_id, week_id, entry_value) VALUES ('FP_P2217H_CFG_FY17Q4W5', 'NovW217',  0);
INSERT INTO entry(forecast_id, week_id, entry_value) VALUES ('FP_P2217H_CFG_FY17Q4W5', 'NovW317',  0);
INSERT INTO entry(forecast_id, week_id, entry_value) VALUES ('FP_P2217H_CFG_FY17Q4W5', 'NovW417',  0);
INSERT INTO entry(forecast_id, week_id, entry_value) VALUES ('FP_P2217H_CFG_FY17Q4W5', 'DecW117',  0);
INSERT INTO entry(forecast_id, week_id, entry_value) VALUES ('FP_P2217H_CFG_FY17Q4W5', 'DecW217',  18150);
INSERT INTO entry(forecast_id, week_id, entry_value) VALUES ('FP_P2217H_CFG_FY17Q4W5', 'DecW317',  18150);
INSERT INTO entry(forecast_id, week_id, entry_value) VALUES ('FP_P2217H_CFG_FY17Q4W5', 'DecW417',  18150);
INSERT INTO entry(forecast_id, week_id, entry_value) VALUES ('FP_P2217H_CFG_FY17Q4W5', 'DecW517',  18150);
INSERT INTO entry(forecast_id, week_id, entry_value) VALUES ('FP_P2217H_CFG_FY17Q4W5', 'JanW117',  20190);
INSERT INTO entry(forecast_id, week_id, entry_value) VALUES ('FP_P2217H_CFG_FY17Q4W5', 'JanW217',  20190);
INSERT INTO entry(forecast_id, week_id, entry_value) VALUES ('FP_P2217H_CFG_FY17Q4W5', 'JanW317',  20190);
INSERT INTO entry(forecast_id, week_id, entry_value) VALUES ('FP_P2217H_CFG_FY17Q4W5', 'JanW417',  20190);
INSERT INTO entry(forecast_id, week_id, entry_value) VALUES ('FP_P2217H_CFG_FY17Q4W5', 'JanW517',  20190);
INSERT INTO entry(forecast_id, week_id, entry_value) VALUES ('FP_P2217H_CFG_FY17Q4W6', 'NovW117',  0);
INSERT INTO entry(forecast_id, week_id, entry_value) VALUES ('FP_P2217H_CFG_FY17Q4W6', 'NovW217',  0);
INSERT INTO entry(forecast_id, week_id, entry_value) VALUES ('FP_P2217H_CFG_FY17Q4W6', 'NovW317',  0);
INSERT INTO entry(forecast_id, week_id, entry_value) VALUES ('FP_P2217H_CFG_FY17Q4W6', 'NovW417',  0);
INSERT INTO entry(forecast_id, week_id, entry_value) VALUES ('FP_P2217H_CFG_FY17Q4W6', 'DecW117',  0);
INSERT INTO entry(forecast_id, week_id, entry_value) VALUES ('FP_P2217H_CFG_FY17Q4W6', 'DecW217',  0);
INSERT INTO entry(forecast_id, week_id, entry_value) VALUES ('FP_P2217H_CFG_FY17Q4W6', 'DecW317',  18150);
INSERT INTO entry(forecast_id, week_id, entry_value) VALUES ('FP_P2217H_CFG_FY17Q4W6', 'DecW417',  18150);
INSERT INTO entry(forecast_id, week_id, entry_value) VALUES ('FP_P2217H_CFG_FY17Q4W6', 'DecW517',  18150);
INSERT INTO entry(forecast_id, week_id, entry_value) VALUES ('FP_P2217H_CFG_FY17Q4W6', 'JanW117',  20526);
INSERT INTO entry(forecast_id, week_id, entry_value) VALUES ('FP_P2217H_CFG_FY17Q4W6', 'JanW217',  20190);
INSERT INTO entry(forecast_id, week_id, entry_value) VALUES ('FP_P2217H_CFG_FY17Q4W6', 'JanW317',  20190);
INSERT INTO entry(forecast_id, week_id, entry_value) VALUES ('FP_P2217H_CFG_FY17Q4W6', 'JanW417',  20190);
INSERT INTO entry(forecast_id, week_id, entry_value) VALUES ('FP_P2217H_CFG_FY17Q4W6', 'JanW517',  20190);
INSERT INTO entry(forecast_id, week_id, entry_value) VALUES ('FP_P2217H_CFG_FY17Q4W7', 'NovW117',  0);
INSERT INTO entry(forecast_id, week_id, entry_value) VALUES ('FP_P2217H_CFG_FY17Q4W7', 'NovW217',  0);
INSERT INTO entry(forecast_id, week_id, entry_value) VALUES ('FP_P2217H_CFG_FY17Q4W7', 'NovW317',  0);
INSERT INTO entry(forecast_id, week_id, entry_value) VALUES ('FP_P2217H_CFG_FY17Q4W7', 'NovW417',  0);
INSERT INTO entry(forecast_id, week_id, entry_value) VALUES ('FP_P2217H_CFG_FY17Q4W7', 'DecW117',  0);
INSERT INTO entry(forecast_id, week_id, entry_value) VALUES ('FP_P2217H_CFG_FY17Q4W7', 'DecW217',  0);
INSERT INTO entry(forecast_id, week_id, entry_value) VALUES ('FP_P2217H_CFG_FY17Q4W7', 'DecW317',  0);
INSERT INTO entry(forecast_id, week_id, entry_value) VALUES ('FP_P2217H_CFG_FY17Q4W7', 'DecW417',  18150);
INSERT INTO entry(forecast_id, week_id, entry_value) VALUES ('FP_P2217H_CFG_FY17Q4W7', 'DecW517',  18150);
INSERT INTO entry(forecast_id, week_id, entry_value) VALUES ('FP_P2217H_CFG_FY17Q4W7', 'JanW117',  17636);
INSERT INTO entry(forecast_id, week_id, entry_value) VALUES ('FP_P2217H_CFG_FY17Q4W7', 'JanW217',  17300);
INSERT INTO entry(forecast_id, week_id, entry_value) VALUES ('FP_P2217H_CFG_FY17Q4W7', 'JanW317',  17300);
INSERT INTO entry(forecast_id, week_id, entry_value) VALUES ('FP_P2217H_CFG_FY17Q4W7', 'JanW417',  17300);
INSERT INTO entry(forecast_id, week_id, entry_value) VALUES ('FP_P2217H_CFG_FY17Q4W7', 'JanW517',  17300);
INSERT INTO entry(forecast_id, week_id, entry_value) VALUES ('FP_P2217H_CFG_FY17Q4W8', 'NovW117',  0);
INSERT INTO entry(forecast_id, week_id, entry_value) VALUES ('FP_P2217H_CFG_FY17Q4W8', 'NovW217',  0);
INSERT INTO entry(forecast_id, week_id, entry_value) VALUES ('FP_P2217H_CFG_FY17Q4W8', 'NovW317',  0);
INSERT INTO entry(forecast_id, week_id, entry_value) VALUES ('FP_P2217H_CFG_FY17Q4W8', 'NovW417',  0);
INSERT INTO entry(forecast_id, week_id, entry_value) VALUES ('FP_P2217H_CFG_FY17Q4W8', 'DecW117',  0);
INSERT INTO entry(forecast_id, week_id, entry_value) VALUES ('FP_P2217H_CFG_FY17Q4W8', 'DecW217',  0);
INSERT INTO entry(forecast_id, week_id, entry_value) VALUES ('FP_P2217H_CFG_FY17Q4W8', 'DecW317',  0);
INSERT INTO entry(forecast_id, week_id, entry_value) VALUES ('FP_P2217H_CFG_FY17Q4W8', 'DecW417',  0);
INSERT INTO entry(forecast_id, week_id, entry_value) VALUES ('FP_P2217H_CFG_FY17Q4W8', 'DecW517',  18150);
INSERT INTO entry(forecast_id, week_id, entry_value) VALUES ('FP_P2217H_CFG_FY17Q4W8', 'JanW117',  17636);
INSERT INTO entry(forecast_id, week_id, entry_value) VALUES ('FP_P2217H_CFG_FY17Q4W8', 'JanW217',  17300);
INSERT INTO entry(forecast_id, week_id, entry_value) VALUES ('FP_P2217H_CFG_FY17Q4W8', 'JanW317',  17300);
INSERT INTO entry(forecast_id, week_id, entry_value) VALUES ('FP_P2217H_CFG_FY17Q4W8', 'JanW417',  17300);
INSERT INTO entry(forecast_id, week_id, entry_value) VALUES ('FP_P2217H_CFG_FY17Q4W8', 'JanW517',  17300);
INSERT INTO entry(forecast_id, week_id, entry_value) VALUES ('FP_P2217H_CFG_FY17Q4W9', 'NovW117',  0);
INSERT INTO entry(forecast_id, week_id, entry_value) VALUES ('FP_P2217H_CFG_FY17Q4W9', 'NovW217',  0);
INSERT INTO entry(forecast_id, week_id, entry_value) VALUES ('FP_P2217H_CFG_FY17Q4W9', 'NovW317',  0);
INSERT INTO entry(forecast_id, week_id, entry_value) VALUES ('FP_P2217H_CFG_FY17Q4W9', 'NovW417',  0);
INSERT INTO entry(forecast_id, week_id, entry_value) VALUES ('FP_P2217H_CFG_FY17Q4W9', 'DecW117',  0);
INSERT INTO entry(forecast_id, week_id, entry_value) VALUES ('FP_P2217H_CFG_FY17Q4W9', 'DecW217',  0);
INSERT INTO entry(forecast_id, week_id, entry_value) VALUES ('FP_P2217H_CFG_FY17Q4W9', 'DecW317',  0);
INSERT INTO entry(forecast_id, week_id, entry_value) VALUES ('FP_P2217H_CFG_FY17Q4W9', 'DecW417',  0);
INSERT INTO entry(forecast_id, week_id, entry_value) VALUES ('FP_P2217H_CFG_FY17Q4W9', 'DecW517',  0);
INSERT INTO entry(forecast_id, week_id, entry_value) VALUES ('FP_P2217H_CFG_FY17Q4W9', 'JanW117',  17636);
INSERT INTO entry(forecast_id, week_id, entry_value) VALUES ('FP_P2217H_CFG_FY17Q4W9', 'JanW217',  17300);
INSERT INTO entry(forecast_id, week_id, entry_value) VALUES ('FP_P2217H_CFG_FY17Q4W9', 'JanW317',  17300);
INSERT INTO entry(forecast_id, week_id, entry_value) VALUES ('FP_P2217H_CFG_FY17Q4W9', 'JanW417',  17300);
INSERT INTO entry(forecast_id, week_id, entry_value) VALUES ('FP_P2217H_CFG_FY17Q4W9', 'JanW517',  17300);
INSERT INTO entry(forecast_id, week_id, entry_value) VALUES ('FP_P2217H_CFG_FY17Q4W10', 'NovW117',  0);
INSERT INTO entry(forecast_id, week_id, entry_value) VALUES ('FP_P2217H_CFG_FY17Q4W10', 'NovW217',  0);
INSERT INTO entry(forecast_id, week_id, entry_value) VALUES ('FP_P2217H_CFG_FY17Q4W10', 'NovW317',  0);
INSERT INTO entry(forecast_id, week_id, entry_value) VALUES ('FP_P2217H_CFG_FY17Q4W10', 'NovW417',  0);
INSERT INTO entry(forecast_id, week_id, entry_value) VALUES ('FP_P2217H_CFG_FY17Q4W10', 'DecW117',  0);
INSERT INTO entry(forecast_id, week_id, entry_value) VALUES ('FP_P2217H_CFG_FY17Q4W10', 'DecW217',  0);
INSERT INTO entry(forecast_id, week_id, entry_value) VALUES ('FP_P2217H_CFG_FY17Q4W10', 'DecW317',  0);
INSERT INTO entry(forecast_id, week_id, entry_value) VALUES ('FP_P2217H_CFG_FY17Q4W10', 'DecW417',  0);
INSERT INTO entry(forecast_id, week_id, entry_value) VALUES ('FP_P2217H_CFG_FY17Q4W10', 'DecW517',  0);
INSERT INTO entry(forecast_id, week_id, entry_value) VALUES ('FP_P2217H_CFG_FY17Q4W10', 'JanW117',  0);
INSERT INTO entry(forecast_id, week_id, entry_value) VALUES ('FP_P2217H_CFG_FY17Q4W10', 'JanW217',  17300);
INSERT INTO entry(forecast_id, week_id, entry_value) VALUES ('FP_P2217H_CFG_FY17Q4W10', 'JanW317',  17300);
INSERT INTO entry(forecast_id, week_id, entry_value) VALUES ('FP_P2217H_CFG_FY17Q4W10', 'JanW417',  17300);
INSERT INTO entry(forecast_id, week_id, entry_value) VALUES ('FP_P2217H_CFG_FY17Q4W10', 'JanW517',  17300);
INSERT INTO entry(forecast_id, week_id, entry_value) VALUES ('FP_P2217H_CFG_FY17Q4W11', 'NovW117',  0);
INSERT INTO entry(forecast_id, week_id, entry_value) VALUES ('FP_P2217H_CFG_FY17Q4W11', 'NovW217',  0);
INSERT INTO entry(forecast_id, week_id, entry_value) VALUES ('FP_P2217H_CFG_FY17Q4W11', 'NovW317',  0);
INSERT INTO entry(forecast_id, week_id, entry_value) VALUES ('FP_P2217H_CFG_FY17Q4W11', 'NovW417',  0);
INSERT INTO entry(forecast_id, week_id, entry_value) VALUES ('FP_P2217H_CFG_FY17Q4W11', 'DecW117',  0);
INSERT INTO entry(forecast_id, week_id, entry_value) VALUES ('FP_P2217H_CFG_FY17Q4W11', 'DecW217',  0);
INSERT INTO entry(forecast_id, week_id, entry_value) VALUES ('FP_P2217H_CFG_FY17Q4W11', 'DecW317',  0);
INSERT INTO entry(forecast_id, week_id, entry_value) VALUES ('FP_P2217H_CFG_FY17Q4W11', 'DecW417',  0);
INSERT INTO entry(forecast_id, week_id, entry_value) VALUES ('FP_P2217H_CFG_FY17Q4W11', 'DecW517',  0);
INSERT INTO entry(forecast_id, week_id, entry_value) VALUES ('FP_P2217H_CFG_FY17Q4W11', 'JanW117',  0);
INSERT INTO entry(forecast_id, week_id, entry_value) VALUES ('FP_P2217H_CFG_FY17Q4W11', 'JanW217',  0);
INSERT INTO entry(forecast_id, week_id, entry_value) VALUES ('FP_P2217H_CFG_FY17Q4W11', 'JanW317',  17300);
INSERT INTO entry(forecast_id, week_id, entry_value) VALUES ('FP_P2217H_CFG_FY17Q4W11', 'JanW417',  17300);
INSERT INTO entry(forecast_id, week_id, entry_value) VALUES ('FP_P2217H_CFG_FY17Q4W11', 'JanW517',  17300);
INSERT INTO entry(forecast_id, week_id, entry_value) VALUES ('FP_P2217H_CFG_FY17Q4W12', 'NovW117',  0);
INSERT INTO entry(forecast_id, week_id, entry_value) VALUES ('FP_P2217H_CFG_FY17Q4W12', 'NovW217',  0);
INSERT INTO entry(forecast_id, week_id, entry_value) VALUES ('FP_P2217H_CFG_FY17Q4W12', 'NovW317',  0);
INSERT INTO entry(forecast_id, week_id, entry_value) VALUES ('FP_P2217H_CFG_FY17Q4W12', 'NovW417',  0);
INSERT INTO entry(forecast_id, week_id, entry_value) VALUES ('FP_P2217H_CFG_FY17Q4W12', 'DecW117',  0);
INSERT INTO entry(forecast_id, week_id, entry_value) VALUES ('FP_P2217H_CFG_FY17Q4W12', 'DecW217',  0);
INSERT INTO entry(forecast_id, week_id, entry_value) VALUES ('FP_P2217H_CFG_FY17Q4W12', 'DecW317',  0);
INSERT INTO entry(forecast_id, week_id, entry_value) VALUES ('FP_P2217H_CFG_FY17Q4W12', 'DecW417',  0);
INSERT INTO entry(forecast_id, week_id, entry_value) VALUES ('FP_P2217H_CFG_FY17Q4W12', 'DecW517',  0);
INSERT INTO entry(forecast_id, week_id, entry_value) VALUES ('FP_P2217H_CFG_FY17Q4W12', 'JanW117',  0);
INSERT INTO entry(forecast_id, week_id, entry_value) VALUES ('FP_P2217H_CFG_FY17Q4W12', 'JanW217',  0);
INSERT INTO entry(forecast_id, week_id, entry_value) VALUES ('FP_P2217H_CFG_FY17Q4W12', 'JanW317',  0);
INSERT INTO entry(forecast_id, week_id, entry_value) VALUES ('FP_P2217H_CFG_FY17Q4W12', 'JanW417',  17300);
INSERT INTO entry(forecast_id, week_id, entry_value) VALUES ('FP_P2217H_CFG_FY17Q4W12', 'JanW517',  17300);
INSERT INTO entry(forecast_id, week_id, entry_value) VALUES ('FP_P2217H_CFG_FY17Q4W13', 'NovW117',  0);
INSERT INTO entry(forecast_id, week_id, entry_value) VALUES ('FP_P2217H_CFG_FY17Q4W13', 'NovW217',  0);
INSERT INTO entry(forecast_id, week_id, entry_value) VALUES ('FP_P2217H_CFG_FY17Q4W13', 'NovW317',  0);
INSERT INTO entry(forecast_id, week_id, entry_value) VALUES ('FP_P2217H_CFG_FY17Q4W13', 'NovW417',  0);
INSERT INTO entry(forecast_id, week_id, entry_value) VALUES ('FP_P2217H_CFG_FY17Q4W13', 'DecW117',  0);
INSERT INTO entry(forecast_id, week_id, entry_value) VALUES ('FP_P2217H_CFG_FY17Q4W13', 'DecW217',  0);
INSERT INTO entry(forecast_id, week_id, entry_value) VALUES ('FP_P2217H_CFG_FY17Q4W13', 'DecW317',  0);
INSERT INTO entry(forecast_id, week_id, entry_value) VALUES ('FP_P2217H_CFG_FY17Q4W13', 'DecW417',  0);
INSERT INTO entry(forecast_id, week_id, entry_value) VALUES ('FP_P2217H_CFG_FY17Q4W13', 'DecW517',  0);
INSERT INTO entry(forecast_id, week_id, entry_value) VALUES ('FP_P2217H_CFG_FY17Q4W13', 'JanW117',  0);
INSERT INTO entry(forecast_id, week_id, entry_value) VALUES ('FP_P2217H_CFG_FY17Q4W13', 'JanW217',  0);
INSERT INTO entry(forecast_id, week_id, entry_value) VALUES ('FP_P2217H_CFG_FY17Q4W13', 'JanW317',  0);
INSERT INTO entry(forecast_id, week_id, entry_value) VALUES ('FP_P2217H_CFG_FY17Q4W13', 'JanW417',  0);
INSERT INTO entry(forecast_id, week_id, entry_value) VALUES ('FP_P2217H_CFG_FY17Q4W13', 'JanW517',  17300);
INSERT INTO entry(forecast_id, week_id, entry_value) VALUES ('FP_P2217H_CFG_FY17Q4W14', 'NovW117',  17792);
INSERT INTO entry(forecast_id, week_id, entry_value) VALUES ('FP_P2217H_CFG_FY17Q4W14', 'NovW217',  9480);
INSERT INTO entry(forecast_id, week_id, entry_value) VALUES ('FP_P2217H_CFG_FY17Q4W14', 'NovW317',  14693);
INSERT INTO entry(forecast_id, week_id, entry_value) VALUES ('FP_P2217H_CFG_FY17Q4W14', 'NovW417',  11407);
INSERT INTO entry(forecast_id, week_id, entry_value) VALUES ('FP_P2217H_CFG_FY17Q4W14', 'DecW117',  18161);
INSERT INTO entry(forecast_id, week_id, entry_value) VALUES ('FP_P2217H_CFG_FY17Q4W14', 'DecW217',  21753);
INSERT INTO entry(forecast_id, week_id, entry_value) VALUES ('FP_P2217H_CFG_FY17Q4W14', 'DecW317',  18551);
INSERT INTO entry(forecast_id, week_id, entry_value) VALUES ('FP_P2217H_CFG_FY17Q4W14', 'DecW417',  13632);
INSERT INTO entry(forecast_id, week_id, entry_value) VALUES ('FP_P2217H_CFG_FY17Q4W14', 'DecW517',  8813);
INSERT INTO entry(forecast_id, week_id, entry_value) VALUES ('FP_P2217H_CFG_FY17Q4W14', 'JanW117',  10401);
INSERT INTO entry(forecast_id, week_id, entry_value) VALUES ('FP_P2217H_CFG_FY17Q4W14', 'JanW217',  18953);
INSERT INTO entry(forecast_id, week_id, entry_value) VALUES ('FP_P2217H_CFG_FY17Q4W14', 'JanW317',  20134);
INSERT INTO entry(forecast_id, week_id, entry_value) VALUES ('FP_P2217H_CFG_FY17Q4W14', 'JanW417',  24722);
INSERT INTO entry(forecast_id, week_id, entry_value) VALUES ('FP_P2217H_CFG_FY17Q4W14', 'JanW517',  18846);
INSERT INTO entry(forecast_id, week_id, entry_value) VALUES ('FP_P2417H_WOST_CFG_FY17Q3W5', 'NovW117',  735);
INSERT INTO entry(forecast_id, week_id, entry_value) VALUES ('FP_P2417H_WOST_CFG_FY17Q3W5', 'NovW217',  735);
INSERT INTO entry(forecast_id, week_id, entry_value) VALUES ('FP_P2417H_WOST_CFG_FY17Q3W5', 'NovW317',  735);
INSERT INTO entry(forecast_id, week_id, entry_value) VALUES ('FP_P2417H_WOST_CFG_FY17Q3W5', 'NovW417',  735);
INSERT INTO entry(forecast_id, week_id, entry_value) VALUES ('FP_P2417H_WOST_CFG_FY17Q3W5', 'DecW117',  590);
INSERT INTO entry(forecast_id, week_id, entry_value) VALUES ('FP_P2417H_WOST_CFG_FY17Q3W5', 'DecW217',  590);
INSERT INTO entry(forecast_id, week_id, entry_value) VALUES ('FP_P2417H_WOST_CFG_FY17Q3W5', 'DecW317',  590);
INSERT INTO entry(forecast_id, week_id, entry_value) VALUES ('FP_P2417H_WOST_CFG_FY17Q3W5', 'DecW417',  590);
INSERT INTO entry(forecast_id, week_id, entry_value) VALUES ('FP_P2417H_WOST_CFG_FY17Q3W5', 'DecW517',  590);
INSERT INTO entry(forecast_id, week_id, entry_value) VALUES ('FP_P2417H_WOST_CFG_FY17Q3W5', 'JanW117',  785);
INSERT INTO entry(forecast_id, week_id, entry_value) VALUES ('FP_P2417H_WOST_CFG_FY17Q3W5', 'JanW217',  785);
INSERT INTO entry(forecast_id, week_id, entry_value) VALUES ('FP_P2417H_WOST_CFG_FY17Q3W5', 'JanW317',  785);
INSERT INTO entry(forecast_id, week_id, entry_value) VALUES ('FP_P2417H_WOST_CFG_FY17Q3W5', 'JanW417',  785);
INSERT INTO entry(forecast_id, week_id, entry_value) VALUES ('FP_P2417H_WOST_CFG_FY17Q3W5', 'JanW517',  785);
INSERT INTO entry(forecast_id, week_id, entry_value) VALUES ('FP_P2417H_WOST_CFG_FY17Q4W1', 'NovW117',  0);
INSERT INTO entry(forecast_id, week_id, entry_value) VALUES ('FP_P2417H_WOST_CFG_FY17Q4W1', 'NovW217',  735);
INSERT INTO entry(forecast_id, week_id, entry_value) VALUES ('FP_P2417H_WOST_CFG_FY17Q4W1', 'NovW317',  735);
INSERT INTO entry(forecast_id, week_id, entry_value) VALUES ('FP_P2417H_WOST_CFG_FY17Q4W1', 'NovW417',  735);
INSERT INTO entry(forecast_id, week_id, entry_value) VALUES ('FP_P2417H_WOST_CFG_FY17Q4W1', 'DecW117',  590);
INSERT INTO entry(forecast_id, week_id, entry_value) VALUES ('FP_P2417H_WOST_CFG_FY17Q4W1', 'DecW217',  590);
INSERT INTO entry(forecast_id, week_id, entry_value) VALUES ('FP_P2417H_WOST_CFG_FY17Q4W1', 'DecW317',  590);
INSERT INTO entry(forecast_id, week_id, entry_value) VALUES ('FP_P2417H_WOST_CFG_FY17Q4W1', 'DecW417',  590);
INSERT INTO entry(forecast_id, week_id, entry_value) VALUES ('FP_P2417H_WOST_CFG_FY17Q4W1', 'DecW517',  590);
INSERT INTO entry(forecast_id, week_id, entry_value) VALUES ('FP_P2417H_WOST_CFG_FY17Q4W1', 'JanW117',  785);
INSERT INTO entry(forecast_id, week_id, entry_value) VALUES ('FP_P2417H_WOST_CFG_FY17Q4W1', 'JanW217',  785);
INSERT INTO entry(forecast_id, week_id, entry_value) VALUES ('FP_P2417H_WOST_CFG_FY17Q4W1', 'JanW317',  785);
INSERT INTO entry(forecast_id, week_id, entry_value) VALUES ('FP_P2417H_WOST_CFG_FY17Q4W1', 'JanW417',  785);
INSERT INTO entry(forecast_id, week_id, entry_value) VALUES ('FP_P2417H_WOST_CFG_FY17Q4W1', 'JanW517',  785);
INSERT INTO entry(forecast_id, week_id, entry_value) VALUES ('FP_P2417H_WOST_CFG_FY17Q4W2', 'NovW117',  0);
INSERT INTO entry(forecast_id, week_id, entry_value) VALUES ('FP_P2417H_WOST_CFG_FY17Q4W2', 'NovW217',  0);
INSERT INTO entry(forecast_id, week_id, entry_value) VALUES ('FP_P2417H_WOST_CFG_FY17Q4W2', 'NovW317',  735);
INSERT INTO entry(forecast_id, week_id, entry_value) VALUES ('FP_P2417H_WOST_CFG_FY17Q4W2', 'NovW417',  735);
INSERT INTO entry(forecast_id, week_id, entry_value) VALUES ('FP_P2417H_WOST_CFG_FY17Q4W2', 'DecW117',  590);
INSERT INTO entry(forecast_id, week_id, entry_value) VALUES ('FP_P2417H_WOST_CFG_FY17Q4W2', 'DecW217',  590);
INSERT INTO entry(forecast_id, week_id, entry_value) VALUES ('FP_P2417H_WOST_CFG_FY17Q4W2', 'DecW317',  590);
INSERT INTO entry(forecast_id, week_id, entry_value) VALUES ('FP_P2417H_WOST_CFG_FY17Q4W2', 'DecW417',  590);
INSERT INTO entry(forecast_id, week_id, entry_value) VALUES ('FP_P2417H_WOST_CFG_FY17Q4W2', 'DecW517',  590);
INSERT INTO entry(forecast_id, week_id, entry_value) VALUES ('FP_P2417H_WOST_CFG_FY17Q4W2', 'JanW117',  785);
INSERT INTO entry(forecast_id, week_id, entry_value) VALUES ('FP_P2417H_WOST_CFG_FY17Q4W2', 'JanW217',  785);
INSERT INTO entry(forecast_id, week_id, entry_value) VALUES ('FP_P2417H_WOST_CFG_FY17Q4W2', 'JanW317',  785);
INSERT INTO entry(forecast_id, week_id, entry_value) VALUES ('FP_P2417H_WOST_CFG_FY17Q4W2', 'JanW417',  785);
INSERT INTO entry(forecast_id, week_id, entry_value) VALUES ('FP_P2417H_WOST_CFG_FY17Q4W2', 'JanW517',  785);
INSERT INTO entry(forecast_id, week_id, entry_value) VALUES ('FP_P2417H_WOST_CFG_FY17Q4W3', 'NovW117',  0);
INSERT INTO entry(forecast_id, week_id, entry_value) VALUES ('FP_P2417H_WOST_CFG_FY17Q4W3', 'NovW217',  0);
INSERT INTO entry(forecast_id, week_id, entry_value) VALUES ('FP_P2417H_WOST_CFG_FY17Q4W3', 'NovW317',  0);
INSERT INTO entry(forecast_id, week_id, entry_value) VALUES ('FP_P2417H_WOST_CFG_FY17Q4W3', 'NovW417',  735);
INSERT INTO entry(forecast_id, week_id, entry_value) VALUES ('FP_P2417H_WOST_CFG_FY17Q4W3', 'DecW117',  590);
INSERT INTO entry(forecast_id, week_id, entry_value) VALUES ('FP_P2417H_WOST_CFG_FY17Q4W3', 'DecW217',  590);
INSERT INTO entry(forecast_id, week_id, entry_value) VALUES ('FP_P2417H_WOST_CFG_FY17Q4W3', 'DecW317',  590);
INSERT INTO entry(forecast_id, week_id, entry_value) VALUES ('FP_P2417H_WOST_CFG_FY17Q4W3', 'DecW417',  590);
INSERT INTO entry(forecast_id, week_id, entry_value) VALUES ('FP_P2417H_WOST_CFG_FY17Q4W3', 'DecW517',  590);
INSERT INTO entry(forecast_id, week_id, entry_value) VALUES ('FP_P2417H_WOST_CFG_FY17Q4W3', 'JanW117',  785);
INSERT INTO entry(forecast_id, week_id, entry_value) VALUES ('FP_P2417H_WOST_CFG_FY17Q4W3', 'JanW217',  785);
INSERT INTO entry(forecast_id, week_id, entry_value) VALUES ('FP_P2417H_WOST_CFG_FY17Q4W3', 'JanW317',  785);
INSERT INTO entry(forecast_id, week_id, entry_value) VALUES ('FP_P2417H_WOST_CFG_FY17Q4W3', 'JanW417',  785);
INSERT INTO entry(forecast_id, week_id, entry_value) VALUES ('FP_P2417H_WOST_CFG_FY17Q4W3', 'JanW517',  785);
INSERT INTO entry(forecast_id, week_id, entry_value) VALUES ('FP_P2417H_WOST_CFG_FY17Q4W4', 'NovW117',  0);
INSERT INTO entry(forecast_id, week_id, entry_value) VALUES ('FP_P2417H_WOST_CFG_FY17Q4W4', 'NovW217',  0);
INSERT INTO entry(forecast_id, week_id, entry_value) VALUES ('FP_P2417H_WOST_CFG_FY17Q4W4', 'NovW317',  0);
INSERT INTO entry(forecast_id, week_id, entry_value) VALUES ('FP_P2417H_WOST_CFG_FY17Q4W4', 'NovW417',  0);
INSERT INTO entry(forecast_id, week_id, entry_value) VALUES ('FP_P2417H_WOST_CFG_FY17Q4W4', 'DecW117',  590);
INSERT INTO entry(forecast_id, week_id, entry_value) VALUES ('FP_P2417H_WOST_CFG_FY17Q4W4', 'DecW217',  590);
INSERT INTO entry(forecast_id, week_id, entry_value) VALUES ('FP_P2417H_WOST_CFG_FY17Q4W4', 'DecW317',  590);
INSERT INTO entry(forecast_id, week_id, entry_value) VALUES ('FP_P2417H_WOST_CFG_FY17Q4W4', 'DecW417',  590);
INSERT INTO entry(forecast_id, week_id, entry_value) VALUES ('FP_P2417H_WOST_CFG_FY17Q4W4', 'DecW517',  590);
INSERT INTO entry(forecast_id, week_id, entry_value) VALUES ('FP_P2417H_WOST_CFG_FY17Q4W4', 'JanW117',  785);
INSERT INTO entry(forecast_id, week_id, entry_value) VALUES ('FP_P2417H_WOST_CFG_FY17Q4W4', 'JanW217',  785);
INSERT INTO entry(forecast_id, week_id, entry_value) VALUES ('FP_P2417H_WOST_CFG_FY17Q4W4', 'JanW317',  785);
INSERT INTO entry(forecast_id, week_id, entry_value) VALUES ('FP_P2417H_WOST_CFG_FY17Q4W4', 'JanW417',  785);
INSERT INTO entry(forecast_id, week_id, entry_value) VALUES ('FP_P2417H_WOST_CFG_FY17Q4W4', 'JanW517',  785);
INSERT INTO entry(forecast_id, week_id, entry_value) VALUES ('FP_P2417H_WOST_CFG_FY17Q4W5', 'NovW117',  0);
INSERT INTO entry(forecast_id, week_id, entry_value) VALUES ('FP_P2417H_WOST_CFG_FY17Q4W5', 'NovW217',  0);
INSERT INTO entry(forecast_id, week_id, entry_value) VALUES ('FP_P2417H_WOST_CFG_FY17Q4W5', 'NovW317',  0);
INSERT INTO entry(forecast_id, week_id, entry_value) VALUES ('FP_P2417H_WOST_CFG_FY17Q4W5', 'NovW417',  0);
INSERT INTO entry(forecast_id, week_id, entry_value) VALUES ('FP_P2417H_WOST_CFG_FY17Q4W5', 'DecW117',  0);
INSERT INTO entry(forecast_id, week_id, entry_value) VALUES ('FP_P2417H_WOST_CFG_FY17Q4W5', 'DecW217',  590);
INSERT INTO entry(forecast_id, week_id, entry_value) VALUES ('FP_P2417H_WOST_CFG_FY17Q4W5', 'DecW317',  590);
INSERT INTO entry(forecast_id, week_id, entry_value) VALUES ('FP_P2417H_WOST_CFG_FY17Q4W5', 'DecW417',  590);
INSERT INTO entry(forecast_id, week_id, entry_value) VALUES ('FP_P2417H_WOST_CFG_FY17Q4W5', 'DecW517',  590);
INSERT INTO entry(forecast_id, week_id, entry_value) VALUES ('FP_P2417H_WOST_CFG_FY17Q4W5', 'JanW117',  785);
INSERT INTO entry(forecast_id, week_id, entry_value) VALUES ('FP_P2417H_WOST_CFG_FY17Q4W5', 'JanW217',  785);
INSERT INTO entry(forecast_id, week_id, entry_value) VALUES ('FP_P2417H_WOST_CFG_FY17Q4W5', 'JanW317',  785);
INSERT INTO entry(forecast_id, week_id, entry_value) VALUES ('FP_P2417H_WOST_CFG_FY17Q4W5', 'JanW417',  785);
INSERT INTO entry(forecast_id, week_id, entry_value) VALUES ('FP_P2417H_WOST_CFG_FY17Q4W5', 'JanW517',  785);
INSERT INTO entry(forecast_id, week_id, entry_value) VALUES ('FP_P2417H_WOST_CFG_FY17Q4W6', 'NovW117',  0);
INSERT INTO entry(forecast_id, week_id, entry_value) VALUES ('FP_P2417H_WOST_CFG_FY17Q4W6', 'NovW217',  0);
INSERT INTO entry(forecast_id, week_id, entry_value) VALUES ('FP_P2417H_WOST_CFG_FY17Q4W6', 'NovW317',  0);
INSERT INTO entry(forecast_id, week_id, entry_value) VALUES ('FP_P2417H_WOST_CFG_FY17Q4W6', 'NovW417',  0);
INSERT INTO entry(forecast_id, week_id, entry_value) VALUES ('FP_P2417H_WOST_CFG_FY17Q4W6', 'DecW117',  0);
INSERT INTO entry(forecast_id, week_id, entry_value) VALUES ('FP_P2417H_WOST_CFG_FY17Q4W6', 'DecW217',  0);
INSERT INTO entry(forecast_id, week_id, entry_value) VALUES ('FP_P2417H_WOST_CFG_FY17Q4W6', 'DecW317',  590);
INSERT INTO entry(forecast_id, week_id, entry_value) VALUES ('FP_P2417H_WOST_CFG_FY17Q4W6', 'DecW417',  590);
INSERT INTO entry(forecast_id, week_id, entry_value) VALUES ('FP_P2417H_WOST_CFG_FY17Q4W6', 'DecW517',  590);
INSERT INTO entry(forecast_id, week_id, entry_value) VALUES ('FP_P2417H_WOST_CFG_FY17Q4W6', 'JanW117',  785);
INSERT INTO entry(forecast_id, week_id, entry_value) VALUES ('FP_P2417H_WOST_CFG_FY17Q4W6', 'JanW217',  785);
INSERT INTO entry(forecast_id, week_id, entry_value) VALUES ('FP_P2417H_WOST_CFG_FY17Q4W6', 'JanW317',  785);
INSERT INTO entry(forecast_id, week_id, entry_value) VALUES ('FP_P2417H_WOST_CFG_FY17Q4W6', 'JanW417',  785);
INSERT INTO entry(forecast_id, week_id, entry_value) VALUES ('FP_P2417H_WOST_CFG_FY17Q4W6', 'JanW517',  785);
INSERT INTO entry(forecast_id, week_id, entry_value) VALUES ('FP_P2417H_WOST_CFG_FY17Q4W7', 'NovW117',  0);
INSERT INTO entry(forecast_id, week_id, entry_value) VALUES ('FP_P2417H_WOST_CFG_FY17Q4W7', 'NovW217',  0);
INSERT INTO entry(forecast_id, week_id, entry_value) VALUES ('FP_P2417H_WOST_CFG_FY17Q4W7', 'NovW317',  0);
INSERT INTO entry(forecast_id, week_id, entry_value) VALUES ('FP_P2417H_WOST_CFG_FY17Q4W7', 'NovW417',  0);
INSERT INTO entry(forecast_id, week_id, entry_value) VALUES ('FP_P2417H_WOST_CFG_FY17Q4W7', 'DecW117',  0);
INSERT INTO entry(forecast_id, week_id, entry_value) VALUES ('FP_P2417H_WOST_CFG_FY17Q4W7', 'DecW217',  0);
INSERT INTO entry(forecast_id, week_id, entry_value) VALUES ('FP_P2417H_WOST_CFG_FY17Q4W7', 'DecW317',  0);
INSERT INTO entry(forecast_id, week_id, entry_value) VALUES ('FP_P2417H_WOST_CFG_FY17Q4W7', 'DecW417',  590);
INSERT INTO entry(forecast_id, week_id, entry_value) VALUES ('FP_P2417H_WOST_CFG_FY17Q4W7', 'DecW517',  590);
INSERT INTO entry(forecast_id, week_id, entry_value) VALUES ('FP_P2417H_WOST_CFG_FY17Q4W7', 'JanW117',  570);
INSERT INTO entry(forecast_id, week_id, entry_value) VALUES ('FP_P2417H_WOST_CFG_FY17Q4W7', 'JanW217',  570);
INSERT INTO entry(forecast_id, week_id, entry_value) VALUES ('FP_P2417H_WOST_CFG_FY17Q4W7', 'JanW317',  570);
INSERT INTO entry(forecast_id, week_id, entry_value) VALUES ('FP_P2417H_WOST_CFG_FY17Q4W7', 'JanW417',  570);
INSERT INTO entry(forecast_id, week_id, entry_value) VALUES ('FP_P2417H_WOST_CFG_FY17Q4W7', 'JanW517',  570);
INSERT INTO entry(forecast_id, week_id, entry_value) VALUES ('FP_P2417H_WOST_CFG_FY17Q4W8', 'NovW117',  0);
INSERT INTO entry(forecast_id, week_id, entry_value) VALUES ('FP_P2417H_WOST_CFG_FY17Q4W8', 'NovW217',  0);
INSERT INTO entry(forecast_id, week_id, entry_value) VALUES ('FP_P2417H_WOST_CFG_FY17Q4W8', 'NovW317',  0);
INSERT INTO entry(forecast_id, week_id, entry_value) VALUES ('FP_P2417H_WOST_CFG_FY17Q4W8', 'NovW417',  0);
INSERT INTO entry(forecast_id, week_id, entry_value) VALUES ('FP_P2417H_WOST_CFG_FY17Q4W8', 'DecW117',  0);
INSERT INTO entry(forecast_id, week_id, entry_value) VALUES ('FP_P2417H_WOST_CFG_FY17Q4W8', 'DecW217',  0);
INSERT INTO entry(forecast_id, week_id, entry_value) VALUES ('FP_P2417H_WOST_CFG_FY17Q4W8', 'DecW317',  0);
INSERT INTO entry(forecast_id, week_id, entry_value) VALUES ('FP_P2417H_WOST_CFG_FY17Q4W8', 'DecW417',  0);
INSERT INTO entry(forecast_id, week_id, entry_value) VALUES ('FP_P2417H_WOST_CFG_FY17Q4W8', 'DecW517',  590);
INSERT INTO entry(forecast_id, week_id, entry_value) VALUES ('FP_P2417H_WOST_CFG_FY17Q4W8', 'JanW117',  570);
INSERT INTO entry(forecast_id, week_id, entry_value) VALUES ('FP_P2417H_WOST_CFG_FY17Q4W8', 'JanW217',  570);
INSERT INTO entry(forecast_id, week_id, entry_value) VALUES ('FP_P2417H_WOST_CFG_FY17Q4W8', 'JanW317',  570);
INSERT INTO entry(forecast_id, week_id, entry_value) VALUES ('FP_P2417H_WOST_CFG_FY17Q4W8', 'JanW417',  570);
INSERT INTO entry(forecast_id, week_id, entry_value) VALUES ('FP_P2417H_WOST_CFG_FY17Q4W8', 'JanW517',  570);
INSERT INTO entry(forecast_id, week_id, entry_value) VALUES ('FP_P2417H_WOST_CFG_FY17Q4W9', 'NovW117',  0);
INSERT INTO entry(forecast_id, week_id, entry_value) VALUES ('FP_P2417H_WOST_CFG_FY17Q4W9', 'NovW217',  0);
INSERT INTO entry(forecast_id, week_id, entry_value) VALUES ('FP_P2417H_WOST_CFG_FY17Q4W9', 'NovW317',  0);
INSERT INTO entry(forecast_id, week_id, entry_value) VALUES ('FP_P2417H_WOST_CFG_FY17Q4W9', 'NovW417',  0);
INSERT INTO entry(forecast_id, week_id, entry_value) VALUES ('FP_P2417H_WOST_CFG_FY17Q4W9', 'DecW117',  0);
INSERT INTO entry(forecast_id, week_id, entry_value) VALUES ('FP_P2417H_WOST_CFG_FY17Q4W9', 'DecW217',  0);
INSERT INTO entry(forecast_id, week_id, entry_value) VALUES ('FP_P2417H_WOST_CFG_FY17Q4W9', 'DecW317',  0);
INSERT INTO entry(forecast_id, week_id, entry_value) VALUES ('FP_P2417H_WOST_CFG_FY17Q4W9', 'DecW417',  0);
INSERT INTO entry(forecast_id, week_id, entry_value) VALUES ('FP_P2417H_WOST_CFG_FY17Q4W9', 'DecW517',  0);
INSERT INTO entry(forecast_id, week_id, entry_value) VALUES ('FP_P2417H_WOST_CFG_FY17Q4W9', 'JanW117',  570);
INSERT INTO entry(forecast_id, week_id, entry_value) VALUES ('FP_P2417H_WOST_CFG_FY17Q4W9', 'JanW217',  570);
INSERT INTO entry(forecast_id, week_id, entry_value) VALUES ('FP_P2417H_WOST_CFG_FY17Q4W9', 'JanW317',  570);
INSERT INTO entry(forecast_id, week_id, entry_value) VALUES ('FP_P2417H_WOST_CFG_FY17Q4W9', 'JanW417',  570);
INSERT INTO entry(forecast_id, week_id, entry_value) VALUES ('FP_P2417H_WOST_CFG_FY17Q4W9', 'JanW517',  570);
INSERT INTO entry(forecast_id, week_id, entry_value) VALUES ('FP_P2417H_WOST_CFG_FY17Q4W10', 'NovW117',  0);
INSERT INTO entry(forecast_id, week_id, entry_value) VALUES ('FP_P2417H_WOST_CFG_FY17Q4W10', 'NovW217',  0);
INSERT INTO entry(forecast_id, week_id, entry_value) VALUES ('FP_P2417H_WOST_CFG_FY17Q4W10', 'NovW317',  0);
INSERT INTO entry(forecast_id, week_id, entry_value) VALUES ('FP_P2417H_WOST_CFG_FY17Q4W10', 'NovW417',  0);
INSERT INTO entry(forecast_id, week_id, entry_value) VALUES ('FP_P2417H_WOST_CFG_FY17Q4W10', 'DecW117',  0);
INSERT INTO entry(forecast_id, week_id, entry_value) VALUES ('FP_P2417H_WOST_CFG_FY17Q4W10', 'DecW217',  0);
INSERT INTO entry(forecast_id, week_id, entry_value) VALUES ('FP_P2417H_WOST_CFG_FY17Q4W10', 'DecW317',  0);
INSERT INTO entry(forecast_id, week_id, entry_value) VALUES ('FP_P2417H_WOST_CFG_FY17Q4W10', 'DecW417',  0);
INSERT INTO entry(forecast_id, week_id, entry_value) VALUES ('FP_P2417H_WOST_CFG_FY17Q4W10', 'DecW517',  0);
INSERT INTO entry(forecast_id, week_id, entry_value) VALUES ('FP_P2417H_WOST_CFG_FY17Q4W10', 'JanW117',  0);
INSERT INTO entry(forecast_id, week_id, entry_value) VALUES ('FP_P2417H_WOST_CFG_FY17Q4W10', 'JanW217',  570);
INSERT INTO entry(forecast_id, week_id, entry_value) VALUES ('FP_P2417H_WOST_CFG_FY17Q4W10', 'JanW317',  570);
INSERT INTO entry(forecast_id, week_id, entry_value) VALUES ('FP_P2417H_WOST_CFG_FY17Q4W10', 'JanW417',  570);
INSERT INTO entry(forecast_id, week_id, entry_value) VALUES ('FP_P2417H_WOST_CFG_FY17Q4W10', 'JanW517',  570);
INSERT INTO entry(forecast_id, week_id, entry_value) VALUES ('FP_P2417H_WOST_CFG_FY17Q4W11', 'NovW117',  0);
INSERT INTO entry(forecast_id, week_id, entry_value) VALUES ('FP_P2417H_WOST_CFG_FY17Q4W11', 'NovW217',  0);
INSERT INTO entry(forecast_id, week_id, entry_value) VALUES ('FP_P2417H_WOST_CFG_FY17Q4W11', 'NovW317',  0);
INSERT INTO entry(forecast_id, week_id, entry_value) VALUES ('FP_P2417H_WOST_CFG_FY17Q4W11', 'NovW417',  0);
INSERT INTO entry(forecast_id, week_id, entry_value) VALUES ('FP_P2417H_WOST_CFG_FY17Q4W11', 'DecW117',  0);
INSERT INTO entry(forecast_id, week_id, entry_value) VALUES ('FP_P2417H_WOST_CFG_FY17Q4W11', 'DecW217',  0);
INSERT INTO entry(forecast_id, week_id, entry_value) VALUES ('FP_P2417H_WOST_CFG_FY17Q4W11', 'DecW317',  0);
INSERT INTO entry(forecast_id, week_id, entry_value) VALUES ('FP_P2417H_WOST_CFG_FY17Q4W11', 'DecW417',  0);
INSERT INTO entry(forecast_id, week_id, entry_value) VALUES ('FP_P2417H_WOST_CFG_FY17Q4W11', 'DecW517',  0);
INSERT INTO entry(forecast_id, week_id, entry_value) VALUES ('FP_P2417H_WOST_CFG_FY17Q4W11', 'JanW117',  0);
INSERT INTO entry(forecast_id, week_id, entry_value) VALUES ('FP_P2417H_WOST_CFG_FY17Q4W11', 'JanW217',  0);
INSERT INTO entry(forecast_id, week_id, entry_value) VALUES ('FP_P2417H_WOST_CFG_FY17Q4W11', 'JanW317',  570);
INSERT INTO entry(forecast_id, week_id, entry_value) VALUES ('FP_P2417H_WOST_CFG_FY17Q4W11', 'JanW417',  570);
INSERT INTO entry(forecast_id, week_id, entry_value) VALUES ('FP_P2417H_WOST_CFG_FY17Q4W11', 'JanW517',  570);
INSERT INTO entry(forecast_id, week_id, entry_value) VALUES ('FP_P2417H_WOST_CFG_FY17Q4W12', 'NovW117',  0);
INSERT INTO entry(forecast_id, week_id, entry_value) VALUES ('FP_P2417H_WOST_CFG_FY17Q4W12', 'NovW217',  0);
INSERT INTO entry(forecast_id, week_id, entry_value) VALUES ('FP_P2417H_WOST_CFG_FY17Q4W12', 'NovW317',  0);
INSERT INTO entry(forecast_id, week_id, entry_value) VALUES ('FP_P2417H_WOST_CFG_FY17Q4W12', 'NovW417',  0);
INSERT INTO entry(forecast_id, week_id, entry_value) VALUES ('FP_P2417H_WOST_CFG_FY17Q4W12', 'DecW117',  0);
INSERT INTO entry(forecast_id, week_id, entry_value) VALUES ('FP_P2417H_WOST_CFG_FY17Q4W12', 'DecW217',  0);
INSERT INTO entry(forecast_id, week_id, entry_value) VALUES ('FP_P2417H_WOST_CFG_FY17Q4W12', 'DecW317',  0);
INSERT INTO entry(forecast_id, week_id, entry_value) VALUES ('FP_P2417H_WOST_CFG_FY17Q4W12', 'DecW417',  0);
INSERT INTO entry(forecast_id, week_id, entry_value) VALUES ('FP_P2417H_WOST_CFG_FY17Q4W12', 'DecW517',  0);
INSERT INTO entry(forecast_id, week_id, entry_value) VALUES ('FP_P2417H_WOST_CFG_FY17Q4W12', 'JanW117',  0);
INSERT INTO entry(forecast_id, week_id, entry_value) VALUES ('FP_P2417H_WOST_CFG_FY17Q4W12', 'JanW217',  0);
INSERT INTO entry(forecast_id, week_id, entry_value) VALUES ('FP_P2417H_WOST_CFG_FY17Q4W12', 'JanW317',  0);
INSERT INTO entry(forecast_id, week_id, entry_value) VALUES ('FP_P2417H_WOST_CFG_FY17Q4W12', 'JanW417',  570);
INSERT INTO entry(forecast_id, week_id, entry_value) VALUES ('FP_P2417H_WOST_CFG_FY17Q4W12', 'JanW517',  570);
INSERT INTO entry(forecast_id, week_id, entry_value) VALUES ('FP_P2417H_WOST_CFG_FY17Q4W13', 'NovW117',  0);
INSERT INTO entry(forecast_id, week_id, entry_value) VALUES ('FP_P2417H_WOST_CFG_FY17Q4W13', 'NovW217',  0);
INSERT INTO entry(forecast_id, week_id, entry_value) VALUES ('FP_P2417H_WOST_CFG_FY17Q4W13', 'NovW317',  0);
INSERT INTO entry(forecast_id, week_id, entry_value) VALUES ('FP_P2417H_WOST_CFG_FY17Q4W13', 'NovW417',  0);
INSERT INTO entry(forecast_id, week_id, entry_value) VALUES ('FP_P2417H_WOST_CFG_FY17Q4W13', 'DecW117',  0);
INSERT INTO entry(forecast_id, week_id, entry_value) VALUES ('FP_P2417H_WOST_CFG_FY17Q4W13', 'DecW217',  0);
INSERT INTO entry(forecast_id, week_id, entry_value) VALUES ('FP_P2417H_WOST_CFG_FY17Q4W13', 'DecW317',  0);
INSERT INTO entry(forecast_id, week_id, entry_value) VALUES ('FP_P2417H_WOST_CFG_FY17Q4W13', 'DecW417',  0);
INSERT INTO entry(forecast_id, week_id, entry_value) VALUES ('FP_P2417H_WOST_CFG_FY17Q4W13', 'DecW517',  0);
INSERT INTO entry(forecast_id, week_id, entry_value) VALUES ('FP_P2417H_WOST_CFG_FY17Q4W13', 'JanW117',  0);
INSERT INTO entry(forecast_id, week_id, entry_value) VALUES ('FP_P2417H_WOST_CFG_FY17Q4W13', 'JanW217',  0);
INSERT INTO entry(forecast_id, week_id, entry_value) VALUES ('FP_P2417H_WOST_CFG_FY17Q4W13', 'JanW317',  0);
INSERT INTO entry(forecast_id, week_id, entry_value) VALUES ('FP_P2417H_WOST_CFG_FY17Q4W13', 'JanW417',  0);
INSERT INTO entry(forecast_id, week_id, entry_value) VALUES ('FP_P2417H_WOST_CFG_FY17Q4W13', 'JanW517',  570);
INSERT INTO entry(forecast_id, week_id, entry_value) VALUES ('FP_P2417H_WOST_CFG_FY17Q4W14', 'NovW117',  324);
INSERT INTO entry(forecast_id, week_id, entry_value) VALUES ('FP_P2417H_WOST_CFG_FY17Q4W14', 'NovW217',  416);
INSERT INTO entry(forecast_id, week_id, entry_value) VALUES ('FP_P2417H_WOST_CFG_FY17Q4W14', 'NovW317',  2270);
INSERT INTO entry(forecast_id, week_id, entry_value) VALUES ('FP_P2417H_WOST_CFG_FY17Q4W14', 'NovW417',  239);
INSERT INTO entry(forecast_id, week_id, entry_value) VALUES ('FP_P2417H_WOST_CFG_FY17Q4W14', 'DecW117',  290);
INSERT INTO entry(forecast_id, week_id, entry_value) VALUES ('FP_P2417H_WOST_CFG_FY17Q4W14', 'DecW217',  2290);
INSERT INTO entry(forecast_id, week_id, entry_value) VALUES ('FP_P2417H_WOST_CFG_FY17Q4W14', 'DecW317',  321);
INSERT INTO entry(forecast_id, week_id, entry_value) VALUES ('FP_P2417H_WOST_CFG_FY17Q4W14', 'DecW417',  2471);
INSERT INTO entry(forecast_id, week_id, entry_value) VALUES ('FP_P2417H_WOST_CFG_FY17Q4W14', 'DecW517',  372);
INSERT INTO entry(forecast_id, week_id, entry_value) VALUES ('FP_P2417H_WOST_CFG_FY17Q4W14', 'JanW117',  513);
INSERT INTO entry(forecast_id, week_id, entry_value) VALUES ('FP_P2417H_WOST_CFG_FY17Q4W14', 'JanW217',  381);
INSERT INTO entry(forecast_id, week_id, entry_value) VALUES ('FP_P2417H_WOST_CFG_FY17Q4W14', 'JanW317',  116);
INSERT INTO entry(forecast_id, week_id, entry_value) VALUES ('FP_P2417H_WOST_CFG_FY17Q4W14', 'JanW417',  957);
INSERT INTO entry(forecast_id, week_id, entry_value) VALUES ('FP_P2417H_WOST_CFG_FY17Q4W14', 'JanW517',  251);
